D1,'dul ba,2438
D2,'dul ba,39
D3,'dul ba,2223
D4,'dul ba,48
D5,'dul ba,606
D6,'dul ba,1282
D7,'dul ba,182
D7a,'dul ba,1044
D8,'bum,9420
D9,nyi khri,2306
D10,khri brgyad,1614
D11,khri pa,972
D12,brgyad stong,570
D13,sher phyin,37
D14,sher phyin,168
D15,sher phyin,34
D16,sher phyin,24
D17,sher phyin,14
D18,sher phyin,6
D19,sher phyin,4
D20,sher phyin,3
D21,sher phyin,4
D22,sher phyin,4
D23,sher phyin,1
D24,sher phyin,53
D25,sher phyin,4
D26,sher phyin,3
D27,sher phyin,3
D28,sher phyin,2
D29,sher phyin,2
D30,sher phyin,2
D31,sher phyin,6
D32,sher phyin,135
D33,sher phyin,20
D34,sher phyin,8
D35,sher phyin,15
D36,sher phyin,2
D37,sher phyin,11
D38,sher phyin,7
D39,sher phyin,6
D40,sher phyin,2
D41,sher phyin,2
D42,sher phyin,2
D43,sher phyin,3
D44,phal chen,3088
D45,dkon brtsegs,88
D46,dkon brtsegs,109
D47,dkon brtsegs,207
D48,dkon brtsegs,69
D49,dkon brtsegs,66
D50,dkon brtsegs,138
D51,dkon brtsegs,140
D52,dkon brtsegs,48
D53,dkon brtsegs,42
D54,dkon brtsegs,22
D55,dkon brtsegs,121
D56,dkon brtsegs,487
D57,dkon brtsegs,65
D58,dkon brtsegs,23
D59,dkon brtsegs,96
D60,dkon brtsegs,334
D61,dkon brtsegs,118
D62,dkon brtsegs,61
D63,dkon brtsegs,63
D64,dkon brtsegs,33
D65,dkon brtsegs,38
D66,dkon brtsegs,64
D67,dkon brtsegs,94
D68,dkon brtsegs,33
D69,dkon brtsegs,46
D70,dkon brtsegs,54
D71,dkon brtsegs,26
D72,dkon brtsegs,22
D73,dkon brtsegs,23
D74,dkon brtsegs,13
D75,dkon brtsegs,8
D76,dkon brtsegs,31
D77,dkon brtsegs,42
D78,dkon brtsegs,11
D79,dkon brtsegs,37
D80,dkon brtsegs,101
D81,dkon brtsegs,6
D82,dkon brtsegs,82
D83,dkon brtsegs,48
D84,dkon brtsegs,20
D85,dkon brtsegs,25
D86,dkon brtsegs,6
D87,dkon brtsegs,65
D88,dkon brtsegs,48
D89,dkon brtsegs,15
D90,dkon brtsegs,55
D91,dkon brtsegs,90
D92,dkon brtsegs,46
D93,dkon brtsegs,43
D94,mdo sde,678
D95,mdo sde,431
D96,mdo sde,50
D97,mdo sde,32
D98,mdo sde,41
D99,mdo sde,549
D100,mdo sde,59
D101,mdo sde,451
D102,mdo sde,94
D103,mdo sde,22
D104,mdo sde,3
D105,mdo sde,4
D106,mdo sde,109
D107,mdo sde,272
D108,mdo sde,186
D109,mdo sde,15
D110,mdo sde,109
D111,mdo sde,146
D112,mdo sde,337
D113,mdo sde,359
D114,mdo sde,30
D115,mdo sde,10
D116,mdo sde,96
D117,mdo sde,85
D118,mdo sde,16
D119,mdo sde,1360
D120,mdo sde,300
D121,mdo sde,4
D122,mdo sde,2
D123,mdo sde,119
D124,mdo sde,160
D125,mdo sde,1
D126,mdo sde,7
D127,mdo sde,339
D128,mdo sde,8
D129,mdo sde,73
D130,mdo sde,41
D131,mdo sde,47
D132,mdo sde,127
D133,mdo sde,139
D134,mdo sde,103
D135,mdo sde,46
D136,mdo sde,70
D137,mdo sde,18
D138,mdo sde,181
D139,mdo sde,24
D140,mdo sde,20
D141,mdo sde,3
D142,mdo sde,11
D143,mdo sde,1
D144,mdo sde,56
D145,mdo sde,97
D146,mdo sde,120
D147,mdo sde,202
D148,mdo sde,175
D149,mdo sde,2
D150,mdo sde,2
D151,mdo sde,26
D152,mdo sde,229
D153,mdo sde,165
D154,mdo sde,15
D155,mdo sde,2
D156,mdo sde,96
D157,mdo sde,131
D158,mdo sde,19
D159,mdo sde,25
D160,mdo sde,156
D161,mdo sde,78
D162,mdo sde,9
D163,mdo sde,32
D164,mdo sde,16
D165,mdo sde,9
D166,mdo sde,8
D167,mdo sde,71
D168,mdo sde,98
D169,mdo sde,95
D170,mdo sde,7
D171,mdo sde,8
D172,mdo sde,8
D173,mdo sde,5
D174,mdo sde,143
D175,mdo sde,192
D176,mdo sde,130
D177,mdo sde,2
D178,mdo sde,9
D179,mdo sde,45
D180,mdo sde,59
D181,mdo sde,151
D182,mdo sde,38
D183,mdo sde,3
D184,mdo sde,19
D185,mdo sde,76
D186,mdo sde,30
D187,mdo sde,67
D188,mdo sde,17
D189,mdo sde,4
D190,mdo sde,48
D191,mdo sde,39
D192,mdo sde,6
D193,mdo sde,10
D194,mdo sde,2
D195,mdo sde,31
D196,mdo sde,11
D197,mdo sde,7
D198,mdo sde,44
D199,mdo sde,14
D200,mdo sde,11
D201,mdo sde,124
D202,mdo sde,31
D203,mdo sde,8
D204,mdo sde,22
D205,mdo sde,4
D206,mdo sde,3
D207,mdo sde,29
D208,mdo sde,6
D209,mdo sde,9
D210,mdo sde,16
D211,mdo sde,4
D212,mdo sde,2
D213,mdo sde,162
D214,mdo sde,7
D215,mdo sde,4
D216,mdo sde,115
D217,mdo sde,31
D218,mdo sde,28
D219,mdo sde,20
D220,mdo sde,153
D221,mdo sde,14
D222,mdo sde,85
D223,mdo sde,75
D224,mdo sde,20
D225,mdo sde,3
D226,mdo sde,5
D227,mdo sde,24
D228,mdo sde,75
D229,mdo sde,79
D230,mdo sde,62
D231,mdo sde,223
D232,mdo sde,204
D233,mdo sde,62
D234,mdo sde,10
D235,mdo sde,26
D236,mdo sde,49
D237,mdo sde,25
D238,mdo sde,197
D239,mdo sde,284
D240,mdo sde,121
D241,mdo sde,3
D242,mdo sde,7
D243,mdo sde,29
D244,mdo sde,25
D245,mdo sde,12
D246,mdo sde,20
D247,mdo sde,8
D248,mdo sde,26
D249,mdo sde,2
D250,mdo sde,2
D251,mdo sde,2
D252,mdo sde,18
D253,mdo sde,3
D254,mdo sde,2
D255,mdo sde,7
D256,mdo sde,35
D257,mdo sde,309
D258,mdo sde,29
D259,mdo sde,10
D260,mdo sde,40
D261,mdo sde,54
D262,mdo sde,177
D263,mdo sde,240
D264,mdo sde,109
D265,mdo sde,48
D266,mdo sde,63
D267,mdo sde,9
D268,mdo sde,4
D269,mdo sde,13
D270,mdo sde,9
D271,mdo sde,8
D272,mdo sde,10
D273,mdo sde,8
D274,mdo sde,13
D275,mdo sde,18
D276,mdo sde,11
D277,mdo sde,7
D278,mdo sde,5
D279,mdo sde,2
D280,mdo sde,2
D281,mdo sde,1
D282,mdo sde,2
D283,mdo sde,3
D284,mdo sde,41
D285,mdo sde,6
D286,mdo sde,5
D287,mdo sde,2164
D288,mdo sde,29
D289,mdo sde,11
D290,mdo sde,8
D291,mdo sde,17
D292,mdo sde,8
D293,mdo sde,4
D294,mdo sde,17
D295,mdo sde,40
D296,mdo sde,4
D297,mdo sde,10
D298,mdo sde,5
D299,mdo sde,3
D300,mdo sde,2
D301,mdo sde,248
D302,mdo sde,5
D303,mdo sde,2
D304,mdo sde,6
D305,mdo sde,3
D306,mdo sde,16
D307,mdo sde,14
D308,mdo sde,20
D309,mdo sde,2
D310,mdo sde,4
D311,mdo sde,2
D312,mdo sde,9
D313,mdo sde,5
D314,mdo sde,12
D315,mdo sde,2
D316,mdo sde,2
D317,mdo sde,36
D318,mdo sde,12
D319,mdo sde,6
D320,mdo sde,4
D321,mdo sde,6
D322,mdo sde,7
D323,mdo sde,1
D324,mdo sde,2
D325,mdo sde,9
D326,mdo sde,89
D327,mdo sde,3
D328,mdo sde,6
D329,mdo sde,4
D330,mdo sde,3
D331,mdo sde,2
D332,mdo sde,8
D333,mdo sde,10
D334,mdo sde,7
D335,mdo sde,7
D336,mdo sde,3
D337,mdo sde,5
D338,mdo sde,44
D339,mdo sde,24
D340,mdo sde,871
D341,mdo sde,338
D342,mdo sde,4
D343,mdo sde,571
D344,mdo sde,6
D345,mdo sde,4
D346,mdo sde,14
D347,mdo sde,42
D348,mdo sde,20
D349,mdo sde,38
D350,mdo sde,12
D351,mdo sde,31
D352,mdo sde,32
D353,mdo sde,224
D354,mdo sde,22
D355,mdo sde,15
D356,mdo sde,10
D357,mdo sde,24
D358,mdo sde,91
D359,mdo sde,8
D359a,mdo sde,16
D360,rgyud,25
D361,rgyud,15
D362,rgyud,213
D363,rgyud,31
D364,rgyud,4
D365,rgyud,9
D366,rgyud,84
D367,rgyud,39
D368,rgyud,67
D369,rgyud,247
D370,rgyud,248
D371,rgyud,23
D372,rgyud,256
D373,rgyud,93
D374,rgyud,65
D375,rgyud,22
D376,rgyud,17
D377,rgyud,16
D378,rgyud,22
D379,rgyud,4
D380,rgyud,2
D381,rgyud,171
D382,rgyud,52
D383,rgyud,6
D384,rgyud,18
D385,rgyud,7
D386,rgyud,7
D387,rgyud,4
D388,rgyud,11
D389,rgyud,11
D390,rgyud,6
D391,rgyud,7
D392,rgyud,3
D393,rgyud,3
D394,rgyud,3
D395,rgyud,4
D396,rgyud,7
D397,rgyud,4
D398,rgyud,3
D399,rgyud,4
D400,rgyud,4
D401,rgyud,5
D402,rgyud,5
D403,rgyud,4
D404,rgyud,2
D405,rgyud,6
D406,rgyud,4
D407,rgyud,3
D408,rgyud,4
D409,rgyud,3
D410,rgyud,4
D411,rgyud,5
D412,rgyud,7
D413,rgyud,11
D414,rgyud,5
D415,rgyud,4
D416,rgyud,58
D417,rgyud,25
D418,rgyud,34
D419,rgyud,72
D420,rgyud,50
D421,rgyud,12
D422,rgyud,81
D423,rgyud,13
D424,rgyud,49
D425,rgyud,9
D426,rgyud,11
D427,rgyud,10
D428,rgyud,102
D429,rgyud,58
D430,rgyud,89
D431,rgyud,78
D432,rgyud,22
D433,rgyud,5
D434,rgyud,5
D435,rgyud,22
D436,rgyud,6
D437,rgyud,27
D438,rgyud,3
D439,rgyud,5
D440,rgyud,82
D441,rgyud,7
D442,rgyud,117
D443,rgyud,20
D444,rgyud,100
D445,rgyud,140
D446,rgyud,9
D447,rgyud,9
D448,rgyud,18
D449,rgyud,29
D450,rgyud,69
D451,rgyud,46
D452,rgyud,90
D453,rgyud,457
D454,rgyud,5
D455,rgyud,10
D456,rgyud,9
D457,rgyud,7
D458,rgyud,31
D459,rgyud,13
D460,rgyud,7
D460a,rgyud,1
D461,rgyud,52
D462,rgyud,6
D463,rgyud,3
D464,rgyud,44
D465,rgyud,7
D466,rgyud,81
D467,rgyud,35
D468,rgyud,26
D469,rgyud,8
D470,rgyud,13
D471,rgyud,2
D472,rgyud,2
D473,rgyud,22
D474,rgyud,58
D475,rgyud,60
D476,rgyud,6
D477,rgyud,112
D478,rgyud,66
D479,rgyud,282
D480,rgyud,264
D481,rgyud,18
D482,rgyud,97
D483,rgyud,76
D484,rgyud,1
D485,rgyud,100
D486,rgyud,8
D487,rgyud,46
D488,rgyud,186
D489,rgyud,13
D490,rgyud,162
D491,rgyud,2
D492,rgyud,73
D493,rgyud,65
D494,rgyud,218
D495,rgyud,122
D496,rgyud,311
D497,rgyud,3
D498,rgyud,19
D499,rgyud,11
D500,rgyud,9
D501,rgyud,9
D502,rgyud,133
D503,rgyud,51
D504,rgyud,20
D505,rgyud,5
D505a,rgyud,1
D506,rgyud,46
D507,rgyud,13
D508,rgyud,35
D509,rgyud,3
D510,rgyud,21
D511,rgyud,8
D512,rgyud,8
D513,rgyud,4
D514,rgyud,5
D515,rgyud,4
D516,rgyud,6
D517,rgyud,8
D518,rgyud,5
D519,rgyud,5
D520,rgyud,3
D521,rgyud,1
D522,rgyud,4
D523,rgyud,4
D524,rgyud,1
D525,rgyud,19
D526,rgyud,2
D527,rgyud,28
D528,rgyud,11
D529,rgyud,5
D530,rgyud,4
D531,rgyud,3
D532,rgyud,9
D533,rgyud,1
D534,rgyud,1
D535,rgyud,2
D536,rgyud,1
D537,rgyud,1
D538,rgyud,2
D539,rgyud,1
D539a,rgyud,1
D539b,rgyud,1
D539c,rgyud,1
D539d,rgyud,1
D539e,rgyud,1
D539f,rgyud,2
D540,rgyud,2
D541,rgyud,2
D542,rgyud,6
D543,rgyud,493
D544,rgyud,24
D545,rgyud,2
D546,rgyud,2
D547,rgyud,2
D548,rgyud,1
D549,rgyud,1
D550,rgyud,2
D551,rgyud,2
D552,rgyud,2
D553,rgyud,4
D554,rgyud,3
D555,rgyud,264
D556,rgyud,244
D557,rgyud,122
D558,rgyud,50
D559,rgyud,60
D560,rgyud,2
D561,rgyud,43
D562,rgyud,25
D563,rgyud,12
D564,rgyud,4
D565,rgyud,15
D566,rgyud,42
D567,rgyud,12
D568,rgyud,8
D569,rgyud,4
D570,rgyud,4
D571,rgyud,3
D572,rgyud,3
D573,rgyud,1
D574,rgyud,5
D575,rgyud,2
D576,rgyud,2
D577,rgyud,1
D578,rgyud,1
D579,rgyud,2
D580,rgyud,1
D581,rgyud,1
D582,rgyud,2
D583,rgyud,1
D584,rgyud,1
D585,rgyud,1
D586,rgyud,2
D587,rgyud,1
D588,rgyud,1
D589,rgyud,1
D590,rgyud,16
D591,rgyud,14
D592,rgyud,12
D593,rgyud,11
D594,rgyud,16
D595,rgyud,10
D596,rgyud,4
D597,rgyud,10
D598,rgyud,5
D599,rgyud,20
D600,rgyud,1
D601,rgyud,14
D602,rgyud,2
D603,rgyud,5
D604,rgyud,106
D605,rgyud,3
D606,rgyud,5
D607,rgyud,4
D608,rgyud,3
D609,rgyud,4
D610,rgyud,5
D611,rgyud,1
D612,rgyud,3
D613,rgyud,2
D614,rgyud,10
D615,rgyud,2
D616,rgyud,8
D617,rgyud,6
D618,rgyud,2
D619,rgyud,4
D620,rgyud,2
D621,rgyud,2
D622,rgyud,1
D623,rgyud,1
D624,rgyud,1
D625,rgyud,2
D626,rgyud,1
D627,rgyud,1
D628,rgyud,9
D629,rgyud,2
D630,rgyud,2
D631,rgyud,26
D632,rgyud,44
D633,rgyud,5
D634,rgyud,5
D635,rgyud,4
D636,rgyud,7
D637,rgyud,9
D638,rgyud,6
D639,rgyud,8
D640,rgyud,5
D641,rgyud,5
D642,rgyud,4
D643,rgyud,2
D644,rgyud,3
D645,rgyud,2
D646,rgyud,6
D647,rgyud,4
D648,rgyud,5
D649,rgyud,2
D650,rgyud,1
D651,rgyud,2
D652,rgyud,1
D653,rgyud,19
D654,rgyud,7
D655,rgyud,2
D656,rgyud,27
D657,rgyud,26
D658,rgyud,10
D659,rgyud,2
D660,rgyud,7
D661,rgyud,6
D662,rgyud,9
D663,rgyud,3
D664,rgyud,4
D665,rgyud,2
D666,rgyud,13
D667,rgyud,6
D668,rgyud,2
D669,rgyud,1
D670,rgyud,1
D671,rgyud,15
D672,rgyud,4
D673,rgyud,2
D673a,rgyud,1
D674,rgyud,10
D675,rgyud,10
D676,rgyud,5
D677,rgyud,1
D678,rgyud,2
D679,rgyud,1
D680,rgyud,1
D681,rgyud,108
D682,rgyud,12
D683,rgyud,6
D684,rgyud,6
D685,rgyud,3
D686,rgyud,743
D687,rgyud,4
D688,rgyud,6
D689,rgyud,9
D690,rgyud,57
D691,rgyud,71
D692,rgyud,16
D693,rgyud,5
D694,rgyud,16
D695,rgyud,1
D696,rgyud,2
D697,rgyud,3
D698,rgyud,2
D699,rgyud,6
D700,rgyud,11
D701,rgyud,15
D702,rgyud,3
D703,rgyud,12
D704,rgyud,2
D705,rgyud,4
D706,rgyud,5
D707,rgyud,4
D708,rgyud,3
D709,rgyud,2
D710,rgyud,1
D711,rgyud,2
D712,rgyud,1
D713,rgyud,1
D714,rgyud,2
D715,rgyud,1
D716,rgyud,1
D717,rgyud,1
D718,rgyud,2
D719,rgyud,1
D720,rgyud,1
D721,rgyud,39
D722,rgyud,4
D723,rgyud,6
D724,rgyud,610
D725,rgyud,4
D726,rgyud,31
D727,rgyud,5
D728,rgyud,7
D729,rgyud,1
D730,rgyud,2
D731,rgyud,5
D732,rgyud,2
D733,rgyud,2
D734,rgyud,4
D735,rgyud,3
D736,rgyud,2
D737,rgyud,2
D738,rgyud,2
D739,rgyud,10
D740,rgyud,2
D741,rgyud,2
D742,rgyud,2
D743,rgyud,2
D744,rgyud,59
D745,rgyud,4
D746,rgyud,473
D747,rgyud,51
D748,rgyud,3
D749,rgyud,3
D750,rgyud,3
D751,rgyud,57
D752,rgyud,7
D753,rgyud,2
D754,rgyud,3
D755,rgyud,4
D756,rgyud,2
D757,rgyud,23
D758,rgyud,18
D759,rgyud,46
D760,rgyud,5
D761,rgyud,3
D762,rgyud,3
D763,rgyud,4
D764,rgyud,2
D765,rgyud,26
D766,rgyud,26
D767,rgyud,15
D768,rgyud,2
D769,rgyud,2
D770,rgyud,29
D771,rgyud,4
D772,rgyud,13
D773,rgyud,2
D774,rgyud,1
D775,rgyud,1
D776,rgyud,2
D777,rgyud,2
D778,rgyud,1
D779,rgyud,1
D780,rgyud,1
D781,rgyud,1
D782,rgyud,1
D783,rgyud,1
D784,rgyud,2
D785,rgyud,1
D786,rgyud,1
D787,rgyud,1
D788,rgyud,2
D789,rgyud,1
D790,rgyud,1
D791,rgyud,1
D792,rgyud,1
D793,rgyud,1
D794,rgyud,2
D795,rgyud,1
D796,rgyud,1
D797,rgyud,2
D798,rgyud,1
D799,rgyud,1
D800,rgyud,1
D801,rgyud,1
D802,rgyud,2
D803,rgyud,1
D804,rgyud,1
D805,rgyud,46
D806,rgyud,54
D807,rgyud,110
D808,rgyud,6
D809,rgyud,7
D810,rgyud,44
D811,rgyud,2
D812,rgyud,5
D813,rgyud,3
D814,rgyud,2
D815,rgyud,4
D816,rgyud,3
D817,rgyud,4
D818,rgyud,3
D819,rgyud,2
D820,rgyud,2
D821,rgyud,2
D822,rgyud,1
D823,rgyud,2
D824,rgyud,1
D825,rgyud,2
D826,rgyud,3
D827,rgyud,2
D828,rnying rgyud,170
D829,rnying rgyud,408
D830,rnying rgyud,136
D831,rnying rgyud,218
D832,rnying rgyud,44
D833,rnying rgyud,132
D834,rnying rgyud,201
D835,rnying rgyud,25
D836,rnying rgyud,67
D837,rnying rgyud,52
D838,rnying rgyud,35
D839,rnying rgyud,106
D840,rnying rgyud,145
D841,rnying rgyud,88
D841a,rnying rgyud,4
D842,rnying rgyud,60
D843,rnying rgyud,30
D844,rnying rgyud,39
D846,gzungs,5
D846a,gzungs,1
D847,gzungs,103
D848,gzungs,3
D849,gzungs,12
D850,gzungs,5
D851,gzungs,1
D852,gzungs,8
D853,gzungs,8
D854,gzungs,5
D855,gzungs,4
D856,gzungs,4
D857,gzungs,5
D858,gzungs,12
D859,gzungs,4
D860,gzungs,1
D861,gzungs,1
D862,gzungs,1
D863,gzungs,1
D864,gzungs,2
D865,gzungs,1
D866,gzungs,2
D867,gzungs,1
D868,gzungs,2
D869,gzungs,1
D870,gzungs,1
D871,gzungs,8
D872,gzungs,7
D873,gzungs,10
D874,gzungs,6
D875,gzungs,4
D876,gzungs,7
D877,gzungs,8
D878,gzungs,7
D879,gzungs,8
D880,gzungs,5
D881,gzungs,6
D882,gzungs,3
D883,gzungs,13
D884,gzungs,14
D885,gzungs,49
D886,gzungs,5
D887,gzungs,4
D888,gzungs,6
D889,gzungs,1
D890,gzungs,2
D891,gzungs,2
D892,gzungs,2
D893,gzungs,2
D894,gzungs,1
D895,gzungs,2
D896,gzungs,1
D897,gzungs,75
D898,gzungs,17
D899,gzungs,6
D900,gzungs,5
D901,gzungs,13
D902,gzungs,7
D903,gzungs,5
D904,gzungs,5
D905,gzungs,3
D906,gzungs,3
D907,gzungs,13
D908,gzungs,3
D909,gzungs,4
D910,gzungs,2
D911,gzungs,1
D912,gzungs,2
D913,gzungs,5
D914,gzungs,21
D915,gzungs,12
D916,gzungs,2
D917,gzungs,3
D918,gzungs,1
D919,gzungs,4
D920,gzungs,2
D921,gzungs,1
D922,gzungs,4
D923,gzungs,4
D924,gzungs,6
D925,gzungs,4
D926,gzungs,3
D927,gzungs,6
D928,gzungs,4
D929,gzungs,4
D930,gzungs,2
D931,gzungs,3
D932,gzungs,1
D933,gzungs,2
D934,gzungs,1
D935,gzungs,1
D936,gzungs,2
D937,gzungs,1
D938,gzungs,1
D939,gzungs,1
D940,gzungs,1
D941,gzungs,2
D942,gzungs,1
D943,gzungs,1
D944,gzungs,1
D945,gzungs,2
D946,gzungs,59
D947,gzungs,22
D948,gzungs,3
D949,gzungs,3
D950,gzungs,4
D951,gzungs,2
D952,gzungs,2
D953,gzungs,2
D954,gzungs,7
D955,gzungs,2
D956,gzungs,3
D957,gzungs,4
D958,gzungs,6
D959,gzungs,2
D960,gzungs,2
D961,gzungs,2
D962,gzungs,2
D963,gzungs,2
D964,gzungs,43
D965,gzungs,4
D966,gzungs,5
D967,gzungs,2
D968,gzungs,4
D969,gzungs,2
D970,gzungs,2
D971,gzungs,1
D972,gzungs,5
D973,gzungs,3
D974,gzungs,5
D975,gzungs,7
D976,gzungs,3
D977,gzungs,1
D978,gzungs,2
D979,gzungs,6
D980,gzungs,2
D981,gzungs,2
D982,gzungs,22
D983,gzungs,19
D984,gzungs,10
D985,gzungs,19
D986,gzungs,11
D987,gzungs,7
D988,gzungs,3
D989,gzungs,2
D990,gzungs,3
D991,gzungs,5
D992,gzungs,2
D993,gzungs,3
D994,gzungs,3
D995,gzungs,2
D996,gzungs,2
D997,gzungs,7
D998,gzungs,6
D999,gzungs,4
D1000,gzungs,6
D1001,gzungs,1
D1002,gzungs,2
D1003,gzungs,14
D1004,gzungs,9
D1005,gzungs,3
D1006,gzungs,2
D1007,gzungs,9
D1008,gzungs,3
D1009,gzungs,3
D1010,gzungs,1
D1011,gzungs,2
D1012,gzungs,1
D1013,gzungs,1
D1014,gzungs,2
D1015,gzungs,1
D1016,gzungs,2
D1017,gzungs,1
D1018,gzungs,2
D1019,gzungs,1
D1020,gzungs,4
D1021,gzungs,1
D1022,gzungs,1
D1023,gzungs,1
D1024,gzungs,2
D1025,gzungs,1
D1026,gzungs,1
D1027,gzungs,1
D1028,gzungs,2
D1029,gzungs,1
D1030,gzungs,1
D1031,gzungs,1
D1032,gzungs,1
D1033,gzungs,1
D1034,gzungs,2
D1035,gzungs,1
D1036,gzungs,1
D1037,gzungs,2
D1038,gzungs,2
D1039,gzungs,1
D1040,gzungs,2
D1041,gzungs,1
D1042,gzungs,1
D1043,gzungs,2
D1044,gzungs,1
D1045,gzungs,1
D1046,gzungs,2
D1047,gzungs,1
D1048,gzungs,2
D1049,gzungs,1
D1050,gzungs,1
D1051,gzungs,2
D1052,gzungs,1
D1053,gzungs,1
D1054,gzungs,1
D1055,gzungs,1
D1056,gzungs,1
D1057,gzungs,1
D1058,gzungs,1
D1059,gzungs,2
D1059a,gzungs,1
D1060,gzungs,1
D1061,gzungs,32
D1062,gzungs,21
D1063,gzungs,28
D1064,gzungs,11
D1065,gzungs,2
D1066,gzungs,2
D1067,gzungs,8
D1068,gzungs,2
D1069,gzungs,1
D1070,gzungs,1
D1071,gzungs,1
D1072,gzungs,1
D1073,gzungs,1
D1074,gzungs,1
D1075,gzungs,1
D1076,gzungs,2
D1077,gzungs,1
D1078,gzungs,2
D1079,gzungs,5
D1080,gzungs,6
D1081,gzungs,5
D1082,gzungs,2
D1083,gzungs,8
D1084,gzungs,3
D1085,gzungs,2
D1086,gzungs,1
D1087,gzungs,1
D1088,gzungs,4
D1089,gzungs,2
D1090,gzungs,2
D1091,gzungs,2
D1092,gzungs,2
D1093,gzungs,9
D1094,gzungs,4
D1095,gzungs,8
D1096,gzungs,3
D1097,gzungs,4
D1098,gzungs,3
D1099,gzungs,2
D1100,gzungs,2
D1101,gzungs,4
D1102,gzungs,2
D1103,gzungs,4
D1104,gzungs,2
D1105,gzungs,2
D1106,gzungs,1
D1107,gzungs,6
D1108,gzungs,1
D845,dus 'khor,936
D1109,bstod tshogs,7
D1110,bstod tshogs,76
D1111,bstod tshogs,3
D1112,bstod tshogs,4
D1113,bstod tshogs,33
D1114,bstod tshogs,2
D1115,bstod tshogs,3
D1116,bstod tshogs,2
D1117,bstod tshogs,2
D1118,bstod tshogs,9
D1119,bstod tshogs,3
D1120,bstod tshogs,3
D1121,bstod tshogs,2
D1122,bstod tshogs,2
D1123,bstod tshogs,2
D1124,bstod tshogs,8
D1125,bstod tshogs,3
D1126,bstod tshogs,2
D1127,bstod tshogs,2
D1128,bstod tshogs,6
D1129,bstod tshogs,2
D1130,bstod tshogs,2
D1131,bstod tshogs,2
D1132,bstod tshogs,3
D1133,bstod tshogs,2
D1134,bstod tshogs,2
D1135,bstod tshogs,2
D1136,bstod tshogs,2
D1137,bstod tshogs,2
D1138,bstod tshogs,34
D1139,bstod tshogs,2
D1140,bstod tshogs,3
D1141,bstod tshogs,2
D1142,bstod tshogs,4
D1143,bstod tshogs,2
D1144,bstod tshogs,2
D1145,bstod tshogs,10
D1146,bstod tshogs,2
D1147,bstod tshogs,13
D1148,bstod tshogs,125
D1149,bstod tshogs,7
D1150,bstod tshogs,26
D1151,bstod tshogs,2
D1152,bstod tshogs,2
D1153,bstod tshogs,2
D1154,bstod tshogs,2
D1155,bstod tshogs,10
D1156,bstod tshogs,6
D1157,bstod tshogs,2
D1158,bstod tshogs,2
D1159,bstod tshogs,6
D1160,bstod tshogs,47
D1161,bstod tshogs,3
D1162,bstod tshogs,2
D1163,bstod tshogs,12
D1164,bstod tshogs,2
D1165,bstod tshogs,2
D1166,bstod tshogs,3
D1167,bstod tshogs,4
D1168,bstod tshogs,2
D1169,bstod tshogs,12
D1170,bstod tshogs,6
D1171,bstod tshogs,3
D1172,bstod tshogs,2
D1173,bstod tshogs,2
D1174,bstod tshogs,5
D1175,bstod tshogs,2
D1176,bstod tshogs,4
D1177,bstod tshogs,2
D1178,bstod tshogs,5
D1179,bstod tshogs,1
D1180,rgyud 'grel,250
D1181,rgyud 'grel,94
D1182,rgyud 'grel,204
D1183,rgyud 'grel,120
D1184,rgyud 'grel,467
D1185,rgyud 'grel,115
D1186,rgyud 'grel,177
D1187,rgyud 'grel,96
D1188,rgyud 'grel,53
D1189,rgyud 'grel,153
D1190,rgyud 'grel,470
D1191,rgyud 'grel,170
D1192,rgyud 'grel,22
D1193,rgyud 'grel,64
D1194,rgyud 'grel,12
D1195,rgyud 'grel,11
D1196,rgyud 'grel,82
D1197,rgyud 'grel,438
D1198,rgyud 'grel,630
D1199,rgyud 'grel,220
D1200,rgyud 'grel,88
D1201,rgyud 'grel,11
D1202,rgyud 'grel,98
D1203,rgyud 'grel,127
D1204,rgyud 'grel,19
D1205,rgyud 'grel,34
D1206,rgyud 'grel,10
D1207,rgyud 'grel,5
D1208,rgyud 'grel,12
D1209,rgyud 'grel,6
D1210,rgyud 'grel,1
D1211,rgyud 'grel,5
D1212,rgyud 'grel,2
D1213,rgyud 'grel,2
D1214,rgyud 'grel,4
D1215,rgyud 'grel,16
D1216,rgyud 'grel,4
D1217,rgyud 'grel,11
D1218,rgyud 'grel,12
D1219,rgyud 'grel,25
D1220,rgyud 'grel,4
D1221,rgyud 'grel,5
D1222,rgyud 'grel,2
D1223,rgyud 'grel,8
D1224,rgyud 'grel,5
D1225,rgyud 'grel,3
D1226,rgyud 'grel,4
D1227,rgyud 'grel,7
D1228,rgyud 'grel,7
D1229,rgyud 'grel,9
D1230,rgyud 'grel,5
D1231,rgyud 'grel,5
D1232,rgyud 'grel,7
D1233,rgyud 'grel,40
D1234,rgyud 'grel,6
D1235,rgyud 'grel,4
D1236,rgyud 'grel,4
D1237,rgyud 'grel,47
D1238,rgyud 'grel,62
D1239,rgyud 'grel,8
D1240,rgyud 'grel,49
D1241,rgyud 'grel,3
D1242,rgyud 'grel,14
D1243,rgyud 'grel,27
D1244,rgyud 'grel,29
D1245,rgyud 'grel,12
D1246,rgyud 'grel,4
D1247,rgyud 'grel,11
D1248,rgyud 'grel,18
D1249,rgyud 'grel,3
D1250,rgyud 'grel,8
D1251,rgyud 'grel,56
D1252,rgyud 'grel,5
D1253,rgyud 'grel,21
D1254,rgyud 'grel,42
D1255,rgyud 'grel,7
D1256,rgyud 'grel,7
D1257,rgyud 'grel,6
D1258,rgyud 'grel,6
D1259,rgyud 'grel,2
D1260,rgyud 'grel,2
D1261,rgyud 'grel,88
D1262,rgyud 'grel,26
D1263,rgyud 'grel,26
D1264,rgyud 'grel,17
D1265,rgyud 'grel,4
D1266,rgyud 'grel,4
D1267,rgyud 'grel,7
D1268,rgyud 'grel,13
D1269,rgyud 'grel,30
D1270,rgyud 'grel,95
D1271,rgyud 'grel,4
D1272,rgyud 'grel,7
D1273,rgyud 'grel,2
D1274,rgyud 'grel,3
D1275,rgyud 'grel,2
D1276,rgyud 'grel,5
D1277,rgyud 'grel,51
D1278,rgyud 'grel,5
D1279,rgyud 'grel,1
D1280,rgyud 'grel,2
D1281,rgyud 'grel,2
D1282,rgyud 'grel,7
D1283,rgyud 'grel,4
D1284,rgyud 'grel,2
D1285,rgyud 'grel,3
D1286,rgyud 'grel,2
D1287,rgyud 'grel,6
D1288,rgyud 'grel,2
D1289,rgyud 'grel,3
D1290,rgyud 'grel,7
D1291,rgyud 'grel,8
D1292,rgyud 'grel,6
D1293,rgyud 'grel,25
D1294,rgyud 'grel,39
D1295,rgyud 'grel,4
D1296,rgyud 'grel,4
D1297,rgyud 'grel,5
D1298,rgyud 'grel,12
D1299,rgyud 'grel,6
D1300,rgyud 'grel,3
D1301,rgyud 'grel,13
D1302,rgyud 'grel,8
D1303,rgyud 'grel,6
D1304,rgyud 'grel,3
D1305,rgyud 'grel,6
D1306,rgyud 'grel,6
D1307,rgyud 'grel,3
D1308,rgyud 'grel,10
D1309,rgyud 'grel,8
D1310,rgyud 'grel,2
D1311,rgyud 'grel,4
D1312,rgyud 'grel,19
D1313,rgyud 'grel,6
D1314,rgyud 'grel,4
D1314a,rgyud 'grel,2
D1315,rgyud 'grel,2
D1316,rgyud 'grel,3
D1317,rgyud 'grel,2
D1318,rgyud 'grel,3
D1319,rgyud 'grel,5
D1320,rgyud 'grel,3
D1320a,rgyud 'grel,2
D1321,rgyud 'grel,12
D1322,rgyud 'grel,15
D1323,rgyud 'grel,9
D1324,rgyud 'grel,12
D1325,rgyud 'grel,18
D1326,rgyud 'grel,5
D1327,rgyud 'grel,4
D1328,rgyud 'grel,2
D1329,rgyud 'grel,4
D1330,rgyud 'grel,2
D1331,rgyud 'grel,16
D1332,rgyud 'grel,3
D1333,rgyud 'grel,18
D1334,rgyud 'grel,9
D1335,rgyud 'grel,2
D1336,rgyud 'grel,27
D1337,rgyud 'grel,8
D1338,rgyud 'grel,4
D1339,rgyud 'grel,4
D1340,rgyud 'grel,3
D1341,rgyud 'grel,46
D1342,rgyud 'grel,16
D1343,rgyud 'grel,3
D1344,rgyud 'grel,2
D1345,rgyud 'grel,14
D1346,rgyud 'grel,212
D1347,rgyud 'grel,932
D1348,rgyud 'grel,38
D1349,rgyud 'grel,106
D1350,rgyud 'grel,296
D1351,rgyud 'grel,138
D1352,rgyud 'grel,28
D1353,rgyud 'grel,53
D1354,rgyud 'grel,27
D1355,rgyud 'grel,63
D1356,rgyud 'grel,18
D1357,rgyud 'grel,29
D1358,rgyud 'grel,49
D1359,rgyud 'grel,77
D1360,rgyud 'grel,22
D1361,rgyud 'grel,2
D1362,rgyud 'grel,3
D1363,rgyud 'grel,32
D1364,rgyud 'grel,9
D1365,rgyud 'grel,20
D1366,rgyud 'grel,4
D1367,rgyud 'grel,18
D1368,rgyud 'grel,20
D1369,rgyud 'grel,11
D1370,rgyud 'grel,4
D1371,rgyud 'grel,3
D1372,rgyud 'grel,6
D1373,rgyud 'grel,48
D1374,rgyud 'grel,2
D1375,rgyud 'grel,2
D1376,rgyud 'grel,3
D1377,rgyud 'grel,25
D1378,rgyud 'grel,1
D1379,rgyud 'grel,3
D1380,rgyud 'grel,4
D1381,rgyud 'grel,7
D1382,rgyud 'grel,7
D1383,rgyud 'grel,17
D1384,rgyud 'grel,4
D1385,rgyud 'grel,2
D1386,rgyud 'grel,6
D1387,rgyud 'grel,36
D1388,rgyud 'grel,51
D1389,rgyud 'grel,38
D1390,rgyud 'grel,7
D1391,rgyud 'grel,4
D1392,rgyud 'grel,11
D1393,rgyud 'grel,6
D1394,rgyud 'grel,9
D1395,rgyud 'grel,122
D1396,rgyud 'grel,56
D1397,rgyud 'grel,122
D1398,rgyud 'grel,97
D1399,rgyud 'grel,107
D1400,rgyud 'grel,52
D1401,rgyud 'grel,154
D1402,rgyud 'grel,126
D1403,rgyud 'grel,212
D1404,rgyud 'grel,138
D1405,rgyud 'grel,80
D1406,rgyud 'grel,57
D1407,rgyud 'grel,176
D1408,rgyud 'grel,102
D1409,rgyud 'grel,93
D1410,rgyud 'grel,199
D1411,rgyud 'grel,3
D1412,rgyud 'grel,194
D1413,rgyud 'grel,237
D1414,rgyud 'grel,225
D1415,rgyud 'grel,415
D1416,rgyud 'grel,33
D1417,rgyud 'grel,28
D1418,rgyud 'grel,47
D1419,rgyud 'grel,634
D1420,rgyud 'grel,201
D1421,rgyud 'grel,38
D1422,rgyud 'grel,39
D1423,rgyud 'grel,29
D1424,rgyud 'grel,37
D1425,rgyud 'grel,3
D1426,rgyud 'grel,30
D1427,rgyud 'grel,14
D1428,rgyud 'grel,10
D1429,rgyud 'grel,13
D1430,rgyud 'grel,33
D1431,rgyud 'grel,7
D1432,rgyud 'grel,5
D1433,rgyud 'grel,6
D1434,rgyud 'grel,2
D1435,rgyud 'grel,12
D1436,rgyud 'grel,2
D1437,rgyud 'grel,9
D1438,rgyud 'grel,3
D1439,rgyud 'grel,3
D1440,rgyud 'grel,2
D1441,rgyud 'grel,5
D1442,rgyud 'grel,4
D1443,rgyud 'grel,16
D1444,rgyud 'grel,44
D1445,rgyud 'grel,9
D1446,rgyud 'grel,33
D1447,rgyud 'grel,13
D1448,rgyud 'grel,17
D1449,rgyud 'grel,86
D1450,rgyud 'grel,14
D1451,rgyud 'grel,7
D1452,rgyud 'grel,19
D1453,rgyud 'grel,8
D1454,rgyud 'grel,5
D1455,rgyud 'grel,3
D1456,rgyud 'grel,2
D1457,rgyud 'grel,2
D1458,rgyud 'grel,1
D1459,rgyud 'grel,2
D1460,rgyud 'grel,10
D1461,rgyud 'grel,3
D1462,rgyud 'grel,26
D1463,rgyud 'grel,19
D1464,rgyud 'grel,3
D1465,rgyud 'grel,24
D1466,rgyud 'grel,3
D1467,rgyud 'grel,4
D1468,rgyud 'grel,4
D1469,rgyud 'grel,27
D1470,rgyud 'grel,22
D1471,rgyud 'grel,2
D1472,rgyud 'grel,3
D1473,rgyud 'grel,1
D1474,rgyud 'grel,2
D1475,rgyud 'grel,2
D1476,rgyud 'grel,9
D1477,rgyud 'grel,73
D1478,rgyud 'grel,12
D1479,rgyud 'grel,3
D1480,rgyud 'grel,5
D1481,rgyud 'grel,8
D1482,rgyud 'grel,4
D1483,rgyud 'grel,8
D1484,rgyud 'grel,11
D1485,rgyud 'grel,10
D1486,rgyud 'grel,23
D1487,rgyud 'grel,10
D1488,rgyud 'grel,5
D1489,rgyud 'grel,50
D1490,rgyud 'grel,34
D1491,rgyud 'grel,5
D1492,rgyud 'grel,6
D1493,rgyud 'grel,3
D1494,rgyud 'grel,4
D1495,rgyud 'grel,12
D1496,rgyud 'grel,4
D1497,rgyud 'grel,6
D1498,rgyud 'grel,16
D1499,rgyud 'grel,48
D1500,rgyud 'grel,4
D1501,rgyud 'grel,11
D1502,rgyud 'grel,7
D1503,rgyud 'grel,24
D1504,rgyud 'grel,3
D1505,rgyud 'grel,3
D1506,rgyud 'grel,3
D1507,rgyud 'grel,2
D1508,rgyud 'grel,3
D1509,rgyud 'grel,20
D1510,rgyud 'grel,48
D1511,rgyud 'grel,52
D1512,rgyud 'grel,15
D1513,rgyud 'grel,22
D1513a,rgyud 'grel,24
D1514,rgyud 'grel,23
D1515,rgyud 'grel,10
D1516,rgyud 'grel,68
D1517,rgyud 'grel,2
D1518,rgyud 'grel,4
D1519,rgyud 'grel,2
D1520,rgyud 'grel,3
D1521,rgyud 'grel,58
D1522,rgyud 'grel,21
D1523,rgyud 'grel,3
D1524,rgyud 'grel,8
D1525,rgyud 'grel,3
D1526,rgyud 'grel,3
D1527,rgyud 'grel,3
D1528,rgyud 'grel,2
D1529,rgyud 'grel,7
D1530,rgyud 'grel,5
D1531,rgyud 'grel,4
D1532,rgyud 'grel,3
D1533,rgyud 'grel,5
D1534,rgyud 'grel,14
D1535,rgyud 'grel,14
D1536,rgyud 'grel,8
D1537,rgyud 'grel,12
D1538,rgyud 'grel,66
D1539,rgyud 'grel,8
D1540,rgyud 'grel,53
D1541,rgyud 'grel,3
D1542,rgyud 'grel,3
D1543,rgyud 'grel,5
D1544,rgyud 'grel,13
D1545,rgyud 'grel,5
D1546,rgyud 'grel,7
D1547,rgyud 'grel,2
D1548,rgyud 'grel,2
D1549,rgyud 'grel,2
D1550,rgyud 'grel,5
D1551,rgyud 'grel,7
D1552,rgyud 'grel,2
D1553,rgyud 'grel,5
D1554,rgyud 'grel,3
D1555,rgyud 'grel,5
D1556,rgyud 'grel,2
D1557,rgyud 'grel,12
D1558,rgyud 'grel,4
D1559,rgyud 'grel,2
D1560,rgyud 'grel,2
D1561,rgyud 'grel,2
D1562,rgyud 'grel,11
D1563,rgyud 'grel,5
D1564,rgyud 'grel,3
D1565,rgyud 'grel,25
D1566,rgyud 'grel,2
D1567,rgyud 'grel,3
D1568,rgyud 'grel,4
D1569,rgyud 'grel,12
D1570,rgyud 'grel,6
D1571,rgyud 'grel,3
D1572,rgyud 'grel,1
D1573,rgyud 'grel,9
D1574,rgyud 'grel,3
D1575,rgyud 'grel,2
D1576,rgyud 'grel,3
D1577,rgyud 'grel,4
D1578,rgyud 'grel,2
D1579,rgyud 'grel,2
D1580,rgyud 'grel,13
D1581,rgyud 'grel,18
D1582,rgyud 'grel,38
D1583,rgyud 'grel,10
D1584,rgyud 'grel,40
D1585,rgyud 'grel,70
D1586,rgyud 'grel,3
D1587,rgyud 'grel,2
D1588,rgyud 'grel,4
D1589,rgyud 'grel,4
D1590,rgyud 'grel,7
D1591,rgyud 'grel,4
D1592,rgyud 'grel,3
D1593,rgyud 'grel,2
D1594,rgyud 'grel,3
D1595,rgyud 'grel,2
D1596,rgyud 'grel,3
D1597,rgyud 'grel,2
D1598,rgyud 'grel,1
D1599,rgyud 'grel,2
D1599a,rgyud 'grel,2
D1600,rgyud 'grel,2
D1601,rgyud 'grel,2
D1602,rgyud 'grel,16
D1603,rgyud 'grel,4
D1604,rgyud 'grel,2
D1605,rgyud 'grel,3
D1606,rgyud 'grel,15
D1607,rgyud 'grel,254
D1608,rgyud 'grel,142
D1609,rgyud 'grel,3
D1610,rgyud 'grel,18
D1611,rgyud 'grel,44
D1612,rgyud 'grel,20
D1613,rgyud 'grel,51
D1614,rgyud 'grel,9
D1615,rgyud 'grel,3
D1616,rgyud 'grel,12
D1617,rgyud 'grel,4
D1618,rgyud 'grel,5
D1618a,rgyud 'grel,1
D1619,rgyud 'grel,22
D1620,rgyud 'grel,9
D1621,rgyud 'grel,7
D1622,rgyud 'grel,22
D1623,rgyud 'grel,42
D1624,rgyud 'grel,37
D1625,rgyud 'grel,16
D1626,rgyud 'grel,4
D1627,rgyud 'grel,5
D1628,rgyud 'grel,2
D1629,rgyud 'grel,3
D1630,rgyud 'grel,27
D1631,rgyud 'grel,1
D1632,rgyud 'grel,4
D1633,rgyud 'grel,13
D1634,rgyud 'grel,5
D1635,rgyud 'grel,3
D1636,rgyud 'grel,21
D1637,rgyud 'grel,4
D1638,rgyud 'grel,1
D1639,rgyud 'grel,3
D1640,rgyud 'grel,2
D1641,rgyud 'grel,2
D1642,rgyud 'grel,2
D1643,rgyud 'grel,9
D1644,rgyud 'grel,34
D1645,rgyud 'grel,39
D1646,rgyud 'grel,2
D1647,rgyud 'grel,7
D1648,rgyud 'grel,4
D1649,rgyud 'grel,33
D1650,rgyud 'grel,73
D1651,rgyud 'grel,102
D1652,rgyud 'grel,92
D1653,rgyud 'grel,33
D1654,rgyud 'grel,119
D1655,rgyud 'grel,9
D1656,rgyud 'grel,3
D1657,rgyud 'grel,27
D1658,rgyud 'grel,3
D1659,rgyud 'grel,289
D1660,rgyud 'grel,101
D1661,rgyud 'grel,37
D1662,rgyud 'grel,79
D1663,rgyud 'grel,116
D1664,rgyud 'grel,36
D1665,rgyud 'grel,12
D1666,rgyud 'grel,10
D1667,rgyud 'grel,11
D1668,rgyud 'grel,11
D1669,rgyud 'grel,9
D1670,rgyud 'grel,29
D1671,rgyud 'grel,48
D1672,rgyud 'grel,9
D1673,rgyud 'grel,3
D1674,rgyud 'grel,17
D1675,rgyud 'grel,18
D1676,rgyud 'grel,82
D1677,rgyud 'grel,39
D1678,rgyud 'grel,4
D1679,rgyud 'grel,43
D1680,rgyud 'grel,3
D1681,rgyud 'grel,12
D1682,rgyud 'grel,13
D1683,rgyud 'grel,9
D1684,rgyud 'grel,2
D1685,rgyud 'grel,8
D1686,rgyud 'grel,30
D1687,rgyud 'grel,3
D1688,rgyud 'grel,20
D1689,rgyud 'grel,8
D1690,rgyud 'grel,8
D1691,rgyud 'grel,9
D1692,rgyud 'grel,8
D1693,rgyud 'grel,4
D1694,rgyud 'grel,3
D1695,rgyud 'grel,2
D1696,rgyud 'grel,2
D1697,rgyud 'grel,5
D1698,rgyud 'grel,3
D1699,rgyud 'grel,2
D1700,rgyud 'grel,2
D1701,rgyud 'grel,2
D1702,rgyud 'grel,2
D1703,rgyud 'grel,6
D1704,rgyud 'grel,4
D1705,rgyud 'grel,4
D1706,rgyud 'grel,9
D1707,rgyud 'grel,4
D1708,rgyud 'grel,2
D1709,rgyud 'grel,3
D1709a,rgyud 'grel,2
D1710,rgyud 'grel,3
D1711,rgyud 'grel,7
D1712,rgyud 'grel,1
D1713,rgyud 'grel,5
D1714,rgyud 'grel,3
D1715,rgyud 'grel,11
D1716,rgyud 'grel,2
D1717,rgyud 'grel,5
D1718,rgyud 'grel,4
D1719,rgyud 'grel,2
D1720,rgyud 'grel,3
D1721,rgyud 'grel,2
D1722,rgyud 'grel,3
D1723,rgyud 'grel,2
D1724,rgyud 'grel,2
D1725,rgyud 'grel,1
D1726,rgyud 'grel,4
D1727,rgyud 'grel,3
D1728,rgyud 'grel,3
D1729,rgyud 'grel,3
D1730,rgyud 'grel,2
D1731,rgyud 'grel,3
D1732,rgyud 'grel,4
D1733,rgyud 'grel,3
D1734,rgyud 'grel,2
D1735,rgyud 'grel,5
D1736,rgyud 'grel,5
D1737,rgyud 'grel,3
D1738,rgyud 'grel,3
D1739,rgyud 'grel,1
D1740,rgyud 'grel,2
D1741,rgyud 'grel,3
D1742,rgyud 'grel,1
D1743,rgyud 'grel,7
D1744,rgyud 'grel,5
D1745,rgyud 'grel,6
D1746,rgyud 'grel,4
D1747,rgyud 'grel,3
D1748,rgyud 'grel,31
D1749,rgyud 'grel,4
D1750,rgyud 'grel,18
D1751,rgyud 'grel,26
D1752,rgyud 'grel,5
D1753,rgyud 'grel,113
D1754,rgyud 'grel,31
D1755,rgyud 'grel,11
D1756,rgyud 'grel,9
D1757,rgyud 'grel,19
D1758,rgyud 'grel,7
D1759,rgyud 'grel,2
D1760,rgyud 'grel,3
D1761,rgyud 'grel,3
D1762,rgyud 'grel,1
D1763,rgyud 'grel,5
D1764,rgyud 'grel,4
D1765,rgyud 'grel,5
D1766,rgyud 'grel,11
D1767,rgyud 'grel,4
D1768,rgyud 'grel,3
D1769,rgyud 'grel,2
D1770,rgyud 'grel,3
D1771,rgyud 'grel,2
D1772,rgyud 'grel,2
D1773,rgyud 'grel,2
D1774,rgyud 'grel,2
D1775,rgyud 'grel,3
D1776,rgyud 'grel,3
D1777,rgyud 'grel,2
D1778,rgyud 'grel,3
D1779,rgyud 'grel,3
D1780,rgyud 'grel,3
D1781,rgyud 'grel,11
D1782,rgyud 'grel,12
D1783,rgyud 'grel,12
D1784,rgyud 'grel,565
D1784a,rgyud 'grel,81
D1785,rgyud 'grel,401
D1786,rgyud 'grel,5
D1787,rgyud 'grel,62
D1788,rgyud 'grel,15
D1789,rgyud 'grel,4
D1790,rgyud 'grel,320
D1791,rgyud 'grel,63
D1792,rgyud 'grel,22
D1793,rgyud 'grel,890
D1794,rgyud 'grel,101
D1795,rgyud 'grel,438
D1796,rgyud 'grel,20
D1797,rgyud 'grel,10
D1798,rgyud 'grel,40
D1799,rgyud 'grel,7
D1800,rgyud 'grel,10
D1801,rgyud 'grel,6
D1802,rgyud 'grel,25
D1803,rgyud 'grel,100
D1804,rgyud 'grel,12
D1805,rgyud 'grel,6
D1806,rgyud 'grel,6
D1807,rgyud 'grel,4
D1808,rgyud 'grel,6
D1809,rgyud 'grel,21
D1810,rgyud 'grel,30
D1811,rgyud 'grel,4
D1812,rgyud 'grel,4
D1813,rgyud 'grel,95
D1814,rgyud 'grel,19
D1815,rgyud 'grel,10
D1816,rgyud 'grel,3
D1817,rgyud 'grel,45
D1818,rgyud 'grel,30
D1819,rgyud 'grel,23
D1820,rgyud 'grel,6
D1821,rgyud 'grel,3
D1822,rgyud 'grel,9
D1823,rgyud 'grel,24
D1824,rgyud 'grel,3
D1825,rgyud 'grel,11
D1826,rgyud 'grel,188
D1827,rgyud 'grel,41
D1828,rgyud 'grel,5
D1829,rgyud 'grel,52
D1830,rgyud 'grel,77
D1831,rgyud 'grel,46
D1832,rgyud 'grel,10
D1833,rgyud 'grel,60
D1834,rgyud 'grel,87
D1835,rgyud 'grel,11
D1836,rgyud 'grel,42
D1837,rgyud 'grel,5
D1838,rgyud 'grel,13
D1839,rgyud 'grel,34
D1840,rgyud 'grel,265
D1841,rgyud 'grel,60
D1842,rgyud 'grel,180
D1843,rgyud 'grel,105
D1844,rgyud 'grel,217
D1845,rgyud 'grel,166
D1846,rgyud 'grel,288
D1847,rgyud 'grel,347
D1848,rgyud 'grel,303
D1849,rgyud 'grel,56
D1850,rgyud 'grel,45
D1851,rgyud 'grel,484
D1852,rgyud 'grel,387
D1853,rgyud 'grel,33
D1854,rgyud 'grel,23
D1855,rgyud 'grel,16
D1856,rgyud 'grel,14
D1857,rgyud 'grel,2
D1858,rgyud 'grel,9
D1859,rgyud 'grel,11
D1860,rgyud 'grel,21
D1861,rgyud 'grel,6
D1862,rgyud 'grel,2
D1863,rgyud 'grel,4
D1864,rgyud 'grel,6
D1865,rgyud 'grel,37
D1866,rgyud 'grel,106
D1867,rgyud 'grel,97
D1868,rgyud 'grel,88
D1869,rgyud 'grel,89
D1870,rgyud 'grel,28
D1871,rgyud 'grel,143
D1872,rgyud 'grel,97
D1873,rgyud 'grel,81
D1874,rgyud 'grel,137
D1875,rgyud 'grel,13
D1876,rgyud 'grel,12
D1877,rgyud 'grel,8
D1878,rgyud 'grel,21
D1879,rgyud 'grel,10
D1880,rgyud 'grel,22
D1881,rgyud 'grel,13
D1882,rgyud 'grel,26
D1883,rgyud 'grel,33
D1884,rgyud 'grel,38
D1885,rgyud 'grel,22
D1886,rgyud 'grel,22
D1887,rgyud 'grel,13
D1888,rgyud 'grel,27
D1889,rgyud 'grel,3
D1890,rgyud 'grel,22
D1891,rgyud 'grel,13
D1892,rgyud 'grel,23
D1893,rgyud 'grel,4
D1894,rgyud 'grel,2
D1895,rgyud 'grel,40
D1896,rgyud 'grel,12
D1897,rgyud 'grel,50
D1898,rgyud 'grel,4
D1899,rgyud 'grel,3
D1900,rgyud 'grel,2
D1901,rgyud 'grel,4
D1902,rgyud 'grel,2
D1903,rgyud 'grel,15
D1904,rgyud 'grel,17
D1905,rgyud 'grel,11
D1906,rgyud 'grel,21
D1907,rgyud 'grel,8
D1908,rgyud 'grel,7
D1909,rgyud 'grel,103
D1910,rgyud 'grel,17
D1911,rgyud 'grel,23
D1912,rgyud 'grel,92
D1913,rgyud 'grel,2
D1914,rgyud 'grel,126
D1915,rgyud 'grel,65
D1916,rgyud 'grel,35
D1917,rgyud 'grel,160
D1918,rgyud 'grel,85
D1919,rgyud 'grel,98
D1920,rgyud 'grel,176
D1921,rgyud 'grel,105
D1922,rgyud 'grel,50
D1923,rgyud 'grel,13
D1924,rgyud 'grel,33
D1925,rgyud 'grel,2
D1926,rgyud 'grel,28
D1927,rgyud 'grel,2
D1928,rgyud 'grel,3
D1929,rgyud 'grel,6
D1930,rgyud 'grel,3
D1931,rgyud 'grel,14
D1932,rgyud 'grel,16
D1933,rgyud 'grel,3
D1934,rgyud 'grel,2
D1935,rgyud 'grel,8
D1935a,rgyud 'grel,3
D1935b,rgyud 'grel,4
D1936,rgyud 'grel,2
D1937,rgyud 'grel,3
D1938,rgyud 'grel,2
D1939,rgyud 'grel,2
D1940,rgyud 'grel,3
D1941,rgyud 'grel,2
D1942,rgyud 'grel,2
D1943,rgyud 'grel,3
D1944,rgyud 'grel,2
D1945,rgyud 'grel,4
D1946,rgyud 'grel,3
D1947,rgyud 'grel,5
D1948,rgyud 'grel,2
D1949,rgyud 'grel,2
D1950,rgyud 'grel,2
D1951,rgyud 'grel,2
D1952,rgyud 'grel,4
D1953,rgyud 'grel,4
D1954,rgyud 'grel,3
D1955,rgyud 'grel,6
D1956,rgyud 'grel,3
D1957,rgyud 'grel,2
D1958,rgyud 'grel,10
D1959,rgyud 'grel,5
D1960,rgyud 'grel,14
D1961,rgyud 'grel,3
D1962,rgyud 'grel,2
D1963,rgyud 'grel,3
D1964,rgyud 'grel,8
D1965,rgyud 'grel,3
D1966,rgyud 'grel,3
D1967,rgyud 'grel,2
D1968,rgyud 'grel,5
D1969,rgyud 'grel,4
D1970,rgyud 'grel,21
D1971,rgyud 'grel,13
D1972,rgyud 'grel,13
D1973,rgyud 'grel,7
D1974,rgyud 'grel,20
D1975,rgyud 'grel,6
D1976,rgyud 'grel,6
D1977,rgyud 'grel,6
D1978,rgyud 'grel,9
D1979,rgyud 'grel,4
D1980,rgyud 'grel,3
D1981,rgyud 'grel,2
D1982,rgyud 'grel,14
D1983,rgyud 'grel,12
D1984,rgyud 'grel,5
D1985,rgyud 'grel,4
D1986,rgyud 'grel,17
D1987,rgyud 'grel,4
D1988,rgyud 'grel,3
D1989,rgyud 'grel,2
D1990,rgyud 'grel,3
D1991,rgyud 'grel,3
D1992,rgyud 'grel,3
D1993,rgyud 'grel,3
D1994,rgyud 'grel,2
D1995,rgyud 'grel,5
D1996,rgyud 'grel,3
D1997,rgyud 'grel,7
D1998,rgyud 'grel,11
D1999,rgyud 'grel,5
D2000,rgyud 'grel,2
D2001,rgyud 'grel,8
D2002,rgyud 'grel,9
D2003,rgyud 'grel,2
D2004,rgyud 'grel,2
D2005,rgyud 'grel,2
D2006,rgyud 'grel,2
D2007,rgyud 'grel,2
D2008,rgyud 'grel,7
D2008a,rgyud 'grel,2
D2009,rgyud 'grel,2
D2010,rgyud 'grel,2
D2011,rgyud 'grel,2
D2012,rgyud 'grel,3
D2013,rgyud 'grel,29
D2013a,rgyud 'grel,23
D2014,rgyud 'grel,136
D2015,rgyud 'grel,5
D2016,rgyud 'grel,11
D2017,rgyud 'grel,3
D2018,rgyud 'grel,6
D2019,rgyud 'grel,2
D2020,rgyud 'grel,7
D2021,rgyud 'grel,3
D2022,rgyud 'grel,7
D2023,rgyud 'grel,15
D2024,rgyud 'grel,32
D2025,rgyud 'grel,7
D2026,rgyud 'grel,4
D2027,rgyud 'grel,4
D2028,rgyud 'grel,1
D2029,rgyud 'grel,4
D2030,rgyud 'grel,4
D2031,rgyud 'grel,3
D2032,rgyud 'grel,20
D2033,rgyud 'grel,4
D2034,rgyud 'grel,7
D2035,rgyud 'grel,3
D2036,rgyud 'grel,3
D2037,rgyud 'grel,5
D2038,rgyud 'grel,3
D2039,rgyud 'grel,2
D2040,rgyud 'grel,3
D2041,rgyud 'grel,2
D2042,rgyud 'grel,1
D2043,rgyud 'grel,3
D2044,rgyud 'grel,3
D2045,rgyud 'grel,6
D2046,rgyud 'grel,3
D2047,rgyud 'grel,8
D2048,rgyud 'grel,2
D2049,rgyud 'grel,1
D2050,rgyud 'grel,1
D2051,rgyud 'grel,2
D2052,rgyud 'grel,1
D2053,rgyud 'grel,2
D2054,rgyud 'grel,3
D2055,rgyud 'grel,1
D2056,rgyud 'grel,2
D2057,rgyud 'grel,1
D2058,rgyud 'grel,2
D2059,rgyud 'grel,1
D2060,rgyud 'grel,1
D2061,rgyud 'grel,2
D2062,rgyud 'grel,1
D2063,rgyud 'grel,1
D2064,rgyud 'grel,2
D2065,rgyud 'grel,1
D2066,rgyud 'grel,2
D2067,rgyud 'grel,1
D2068,rgyud 'grel,1
D2069,rgyud 'grel,2
D2070,rgyud 'grel,2
D2071,rgyud 'grel,1
D2072,rgyud 'grel,1
D2073,rgyud 'grel,2
D2074,rgyud 'grel,1
D2075,rgyud 'grel,1
D2076,rgyud 'grel,1
D2077,rgyud 'grel,2
D2078,rgyud 'grel,1
D2079,rgyud 'grel,1
D2080,rgyud 'grel,2
D2081,rgyud 'grel,1
D2082,rgyud 'grel,1
D2083,rgyud 'grel,3
D2084,rgyud 'grel,3
D2085,rgyud 'grel,2
D2086,rgyud 'grel,3
D2087,rgyud 'grel,3
D2088,rgyud 'grel,2
D2089,rgyud 'grel,15
D2090,rgyud 'grel,55
D2091,rgyud 'grel,39
D2092,rgyud 'grel,75
D2093,rgyud 'grel,49
D2094,rgyud 'grel,46
D2095,rgyud 'grel,16
D2096,rgyud 'grel,3
D2097,rgyud 'grel,3
D2098,rgyud 'grel,69
D2099,rgyud 'grel,1
D2100,rgyud 'grel,2
D2101,rgyud 'grel,2
D2102,rgyud 'grel,5
D2103,rgyud 'grel,2
D2104,rgyud 'grel,3
D2105,rgyud 'grel,2
D2106,rgyud 'grel,2
D2107,rgyud 'grel,15
D2108,rgyud 'grel,7
D2109,rgyud 'grel,5
D2110,rgyud 'grel,4
D2111,rgyud 'grel,9
D2112,rgyud 'grel,2
D2113,rgyud 'grel,2
D2114,rgyud 'grel,2
D2115,rgyud 'grel,3
D2116,rgyud 'grel,1
D2117,rgyud 'grel,1
D2118,rgyud 'grel,7
D2119,rgyud 'grel,3
D2120,rgyud 'grel,3
D2121,rgyud 'grel,2
D2122,rgyud 'grel,18
D2123,rgyud 'grel,2
D2124,rgyud 'grel,3
D2125,rgyud 'grel,2
D2126,rgyud 'grel,4
D2127,rgyud 'grel,1
D2128,rgyud 'grel,5
D2129,rgyud 'grel,3
D2130,rgyud 'grel,3
D2131,rgyud 'grel,2
D2132,rgyud 'grel,3
D2133,rgyud 'grel,6
D2134,rgyud 'grel,27
D2135,rgyud 'grel,3
D2136,rgyud 'grel,2
D2137,rgyud 'grel,3
D2138,rgyud 'grel,4
D2139,rgyud 'grel,13
D2140,rgyud 'grel,11
D2141,rgyud 'grel,12
D2142,rgyud 'grel,2
D2143,rgyud 'grel,7
D2144,rgyud 'grel,3
D2145,rgyud 'grel,7
D2146,rgyud 'grel,17
D2147,rgyud 'grel,21
D2148,rgyud 'grel,6
D2149,rgyud 'grel,3
D2150,rgyud 'grel,3
D2151,rgyud 'grel,5
D2152,rgyud 'grel,3
D2153,rgyud 'grel,2
D2154,rgyud 'grel,2
D2155,rgyud 'grel,4
D2156,rgyud 'grel,4
D2157,rgyud 'grel,2
D2158,rgyud 'grel,3
D2159,rgyud 'grel,2
D2160,rgyud 'grel,3
D2161,rgyud 'grel,3
D2162,rgyud 'grel,21
D2163,rgyud 'grel,4
D2164,rgyud 'grel,4
D2165,rgyud 'grel,3
D2166,rgyud 'grel,75
D2167,rgyud 'grel,8
D2168,rgyud 'grel,3
D2169,rgyud 'grel,16
D2170,rgyud 'grel,5
D2171,rgyud 'grel,11
D2172,rgyud 'grel,8
D2173,rgyud 'grel,27
D2174,rgyud 'grel,56
D2175,rgyud 'grel,5
D2176,rgyud 'grel,9
D2177,rgyud 'grel,4
D2182,rgyud 'grel,3
D2183,rgyud 'grel,3
D2184,rgyud 'grel,23
D2185,rgyud 'grel,11
D2186,rgyud 'grel,4
D2187,rgyud 'grel,3
D2188,rgyud 'grel,8
D2189,rgyud 'grel,4
D2190,rgyud 'grel,13
D2191,rgyud 'grel,9
D2192,rgyud 'grel,4
D2193,rgyud 'grel,2
D2194,rgyud 'grel,4
D2195,rgyud 'grel,3
D2196,rgyud 'grel,2
D2197,rgyud 'grel,2
D2198,rgyud 'grel,2
D2199,rgyud 'grel,17
D2200,rgyud 'grel,47
D2201,rgyud 'grel,27
D2202,rgyud 'grel,40
D2203,rgyud 'grel,9
D2204,rgyud 'grel,43
D2205,rgyud 'grel,18
D2206,rgyud 'grel,4
D2207,rgyud 'grel,3
D2208,rgyud 'grel,3
D2209,rgyud 'grel,4
D2210,rgyud 'grel,4
D2211,rgyud 'grel,9
D2212,rgyud 'grel,14
D2213,rgyud 'grel,17
D2214,rgyud 'grel,15
D2215,rgyud 'grel,32
D2216,rgyud 'grel,52
D2217,rgyud 'grel,55
D2218,rgyud 'grel,17
D2219,rgyud 'grel,49
D2220,rgyud 'grel,4
D2221,rgyud 'grel,3
D2222,rgyud 'grel,12
D2223,rgyud 'grel,5
D2224,rgyud 'grel,14
D2225,rgyud 'grel,6
D2226,rgyud 'grel,26
D2227,rgyud 'grel,16
D2228,rgyud 'grel,11
D2229,rgyud 'grel,12
D2230,rgyud 'grel,1
D2231,rgyud 'grel,3
D2232,rgyud 'grel,1
D2233,rgyud 'grel,2
D2234,rgyud 'grel,2
D2235,rgyud 'grel,2
D2236,rgyud 'grel,2
D2237,rgyud 'grel,2
D2237a,rgyud 'grel,2
D2238,rgyud 'grel,2
D2239,rgyud 'grel,2
D2240,rgyud 'grel,11
D2241,rgyud 'grel,2
D2242,rgyud 'grel,5
D2243,rgyud 'grel,5
D2244,rgyud 'grel,21
D2245,rgyud 'grel,5
D2246,rgyud 'grel,2
D2247,rgyud 'grel,2
D2248,rgyud 'grel,3
D2249,rgyud 'grel,4
D2250,rgyud 'grel,3
D2251,rgyud 'grel,2
D2252,rgyud 'grel,4
D2253,rgyud 'grel,36
D2254,rgyud 'grel,34
D2255,rgyud 'grel,7
D2256,rgyud 'grel,54
D2257,rgyud 'grel,116
D2258,rgyud 'grel,38
D2259,rgyud 'grel,86
D2260,rgyud 'grel,6
D2261,rgyud 'grel,43
D2262,rgyud 'grel,4
D2263,rgyud 'grel,5
D2264,rgyud 'grel,11
D2265,rgyud 'grel,45
D2266,rgyud 'grel,5
D2267,rgyud 'grel,17
D2268,rgyud 'grel,83
D2269,rgyud 'grel,14
D2270,rgyud 'grel,6
D2271,rgyud 'grel,4
D2272,rgyud 'grel,11
D2273,rgyud 'grel,5
D2274,rgyud 'grel,3
D2275,rgyud 'grel,3
D2276,rgyud 'grel,4
D2277,rgyud 'grel,2
D2278,rgyud 'grel,11
D2279,rgyud 'grel,3
D2280,rgyud 'grel,5
D2281,rgyud 'grel,4
D2282,rgyud 'grel,2
D2283,rgyud 'grel,3
D2284,rgyud 'grel,8
D2285,rgyud 'grel,6
D2286,rgyud 'grel,11
D2287,rgyud 'grel,6
D2288,rgyud 'grel,2
D2289,rgyud 'grel,1
D2290,rgyud 'grel,1
D2291,rgyud 'grel,1
D2292,rgyud 'grel,12
D2293,rgyud 'grel,97
D2294,rgyud 'grel,11
D2295,rgyud 'grel,7
D2296,rgyud 'grel,25
D2297,rgyud 'grel,3
D2298,rgyud 'grel,2
D2299,rgyud 'grel,2
D2300,rgyud 'grel,1
D2301,rgyud 'grel,3
D2302,rgyud 'grel,26
D2303,rgyud 'grel,4
D2304,rgyud 'grel,4
D2305,rgyud 'grel,16
D2313,rgyud 'grel,4
D2314,rgyud 'grel,13
D2315,rgyud 'grel,2
D2316,rgyud 'grel,2
D2317,rgyud 'grel,2
D2318,rgyud 'grel,2
D2319,rgyud 'grel,3
D2320,rgyud 'grel,1
D2321,rgyud 'grel,3
D2322,rgyud 'grel,2
D2323,rgyud 'grel,2
D2324,rgyud 'grel,3
D2325,rgyud 'grel,3
D2326,rgyud 'grel,2
D2327,rgyud 'grel,3
D2328,rgyud 'grel,2
D2329,rgyud 'grel,2
D2330,rgyud 'grel,3
D2331,rgyud 'grel,5
D2332,rgyud 'grel,7
D2333,rgyud 'grel,5
D2334,rgyud 'grel,10
D2335,rgyud 'grel,34
D2336,rgyud 'grel,1
D2337,rgyud 'grel,7
D2338,rgyud 'grel,5
D2339,rgyud 'grel,3
D2340,rgyud 'grel,2
D2341,rgyud 'grel,2
D2342,rgyud 'grel,2
D2343,rgyud 'grel,1
D2344,rgyud 'grel,2
D2345,rgyud 'grel,3
D2346,rgyud 'grel,1
D2347,rgyud 'grel,2
D2348,rgyud 'grel,1
D2349,rgyud 'grel,2
D2350,rgyud 'grel,2
D2351,rgyud 'grel,1
D2352,rgyud 'grel,2
D2353,rgyud 'grel,1
D2354,rgyud 'grel,2
D2355,rgyud 'grel,1
D2356,rgyud 'grel,1
D2357,rgyud 'grel,2
D2358,rgyud 'grel,1
D2359,rgyud 'grel,1
D2360,rgyud 'grel,2
D2361,rgyud 'grel,1
D2362,rgyud 'grel,2
D2363,rgyud 'grel,1
D2364,rgyud 'grel,1
D2365,rgyud 'grel,2
D2366,rgyud 'grel,1
D2367,rgyud 'grel,2
D2368,rgyud 'grel,1
D2369,rgyud 'grel,2
D2370,rgyud 'grel,1
D2371,rgyud 'grel,2
D2372,rgyud 'grel,1
D2373,rgyud 'grel,1
D2374,rgyud 'grel,2
D2375,rgyud 'grel,1
D2376,rgyud 'grel,2
D2377,rgyud 'grel,2
D2378,rgyud 'grel,2
D2379,rgyud 'grel,2
D2380,rgyud 'grel,2
D2381,rgyud 'grel,3
D2382,rgyud 'grel,2
D2383,rgyud 'grel,9
D2384,rgyud 'grel,2
D2385,rgyud 'grel,2
D2386,rgyud 'grel,1
D2387,rgyud 'grel,3
D2388,rgyud 'grel,2
D2389,rgyud 'grel,1
D2390,rgyud 'grel,2
D2391,rgyud 'grel,2
D2392,rgyud 'grel,2
D2393,rgyud 'grel,2
D2394,rgyud 'grel,2
D2395,rgyud 'grel,2
D2396,rgyud 'grel,2
D2397,rgyud 'grel,2
D2398,rgyud 'grel,2
D2399,rgyud 'grel,2
D2400,rgyud 'grel,2
D2401,rgyud 'grel,2
D2402,rgyud 'grel,2
D2403,rgyud 'grel,3
D2404,rgyud 'grel,3
D2405,rgyud 'grel,2
D2406,rgyud 'grel,2
D2407,rgyud 'grel,3
D2408,rgyud 'grel,1
D2409,rgyud 'grel,2
D2410,rgyud 'grel,2
D2411,rgyud 'grel,1
D2412,rgyud 'grel,2
D2413,rgyud 'grel,3
D2414,rgyud 'grel,1
D2415,rgyud 'grel,3
D2416,rgyud 'grel,2
D2417,rgyud 'grel,2
D2418,rgyud 'grel,1
D2419,rgyud 'grel,2
D2420,rgyud 'grel,2
D2421,rgyud 'grel,3
D2422,rgyud 'grel,2
D2423,rgyud 'grel,1
D2424,rgyud 'grel,3
D2425,rgyud 'grel,2
D2426,rgyud 'grel,2
D2427,rgyud 'grel,2
D2428,rgyud 'grel,11
D2429,rgyud 'grel,2
D2430,rgyud 'grel,1
D2431,rgyud 'grel,2
D2432,rgyud 'grel,2
D2433,rgyud 'grel,2
D2434,rgyud 'grel,2
D2435,rgyud 'grel,2
D2436,rgyud 'grel,1
D2437,rgyud 'grel,2
D2438,rgyud 'grel,2
D2439,rgyud 'grel,12
D2440,rgyud 'grel,14
D2441,rgyud 'grel,6
D2442,rgyud 'grel,6
D2443,rgyud 'grel,9
D2444,rgyud 'grel,6
D2445,rgyud 'grel,11
D2446,rgyud 'grel,5
D2447,rgyud 'grel,3
D2448,rgyud 'grel,2
D2449,rgyud 'grel,6
D2450,rgyud 'grel,6
D2451,rgyud 'grel,5
D2452,rgyud 'grel,5
D2453,rgyud 'grel,47
D2454,rgyud 'grel,19
D2455,rgyud 'grel,9
D2456,rgyud 'grel,3
D2457,rgyud 'grel,7
D2458,rgyud 'grel,4
D2459,rgyud 'grel,2
D2460,rgyud 'grel,2
D2461,rgyud 'grel,2
D2462,rgyud 'grel,6
D2463,rgyud 'grel,6
D2464,rgyud 'grel,1
D2465,rgyud 'grel,1
D2466,rgyud 'grel,1
D2467,rgyud 'grel,2
D2468,rgyud 'grel,2
D2469,rgyud 'grel,3
D2470,rgyud 'grel,2
D2471,rgyud 'grel,1
D2472,rgyud 'grel,19
D2473,rgyud 'grel,5
D2474,rgyud 'grel,4
D2475,rgyud 'grel,7
D2476,rgyud 'grel,19
D2477,rgyud 'grel,21
D2478,rgyud 'grel,2
D2479,rgyud 'grel,2
D2480,rgyud 'grel,1
D2481,rgyud 'grel,1
D2482,rgyud 'grel,2
D2483,rgyud 'grel,1
D2484,rgyud 'grel,2
D2485,rgyud 'grel,9
D2486,rgyud 'grel,16
D2487,rgyud 'grel,11
D2488,rgyud 'grel,69
D2489,rgyud 'grel,2
D2490,rgyud 'grel,23
D2491,rgyud 'grel,5
D2492,rgyud 'grel,5
D2493,rgyud 'grel,4
D2494,rgyud 'grel,11
D2495,rgyud 'grel,2
D2496,rgyud 'grel,12
D2497,rgyud 'grel,4
D2498,rgyud 'grel,8
D2499,rgyud 'grel,20
D2500,rgyud 'grel,6
D2501,rgyud 'grel,181
D2502,rgyud 'grel,522
D2503,rgyud 'grel,890
D2504,rgyud 'grel,8
D2505,rgyud 'grel,5
D2506,rgyud 'grel,17
D2507,rgyud 'grel,1
D2508,rgyud 'grel,2
D2509,rgyud 'grel,135
D2510,rgyud 'grel,1334
D2511,rgyud 'grel,97
D2512,rgyud 'grel,1471
D2513,rgyud 'grel,191
D2514,rgyud 'grel,52
D2515,rgyud 'grel,99
D2516,rgyud 'grel,98
D2517,rgyud 'grel,25
D2518,rgyud 'grel,11
D2519,rgyud 'grel,87
D2520,rgyud 'grel,35
D2521,rgyud 'grel,7
D2522,rgyud 'grel,6
D2523,rgyud 'grel,12
D2524,rgyud 'grel,48
D2525,rgyud 'grel,15
D2526,rgyud 'grel,14
D2527,rgyud 'grel,16
D2528,rgyud 'grel,12
D2529,rgyud 'grel,76
D2530,rgyud 'grel,5
D2531,rgyud 'grel,270
D2532,rgyud 'grel,53
D2533,rgyud 'grel,177
D2534,rgyud 'grel,372
D2535,rgyud 'grel,52
D2536,rgyud 'grel,42
D2537,rgyud 'grel,41
D2538,rgyud 'grel,103
D2539,rgyud 'grel,54
D2540,rgyud 'grel,153
D2541,rgyud 'grel,29
D2542,rgyud 'grel,81
D2543,rgyud 'grel,25
D2544,rgyud 'grel,3
D2544a,rgyud 'grel,2
D2544b,rgyud 'grel,3
D2545,rgyud 'grel,2
D2545a,rgyud 'grel,2
D2546,rgyud 'grel,2
D2547,rgyud 'grel,2
D2548,rgyud 'grel,2
D2549,rgyud 'grel,1
D2550,rgyud 'grel,2
D2551,rgyud 'grel,1
D2552,rgyud 'grel,1
D2553,rgyud 'grel,3
D2554,rgyud 'grel,2
D2555,rgyud 'grel,3
D2556,rgyud 'grel,2
D2557,rgyud 'grel,1
D2558,rgyud 'grel,2
D2559,rgyud 'grel,2
D2560,rgyud 'grel,1
D2561,rgyud 'grel,2
D2562,rgyud 'grel,1
D2563,rgyud 'grel,1
D2564,rgyud 'grel,2
D2565,rgyud 'grel,2
D2566,rgyud 'grel,4
D2567,rgyud 'grel,2
D2568,rgyud 'grel,2
D2569,rgyud 'grel,6
D2570,rgyud 'grel,2
D2571,rgyud 'grel,3
D2572,rgyud 'grel,6
D2573,rgyud 'grel,7
D2574,rgyud 'grel,5
D2575,rgyud 'grel,3
D2576,rgyud 'grel,7
D2577,rgyud 'grel,3
D2578,rgyud 'grel,30
D2579,rgyud 'grel,24
D2580,rgyud 'grel,13
D2581,rgyud 'grel,14
D2582,rgyud 'grel,47
D2583,rgyud 'grel,4
D2584,rgyud 'grel,87
D2585,rgyud 'grel,2
D2586,rgyud 'grel,2
D2587,rgyud 'grel,6
D2588,rgyud 'grel,5
D2589,rgyud 'grel,139
D2590,rgyud 'grel,99
D2591,rgyud 'grel,7
D2592,rgyud 'grel,6
D2593,rgyud 'grel,52
D2594,rgyud 'grel,6
D2595,rgyud 'grel,24
D2596,rgyud 'grel,8
D2597,rgyud 'grel,7
D2598,rgyud 'grel,21
D2599,rgyud 'grel,9
D2600,rgyud 'grel,4
D2601,rgyud 'grel,16
D2602,rgyud 'grel,4
D2603,rgyud 'grel,2
D2604,rgyud 'grel,3
D2605,rgyud 'grel,2
D2606,rgyud 'grel,3
D2607,rgyud 'grel,2
D2608,rgyud 'grel,2
D2609,rgyud 'grel,2
D2610,rgyud 'grel,3
D2611,rgyud 'grel,3
D2612,rgyud 'grel,3
D2613,rgyud 'grel,2
D2614,rgyud 'grel,3
D2615,rgyud 'grel,3
D2616,rgyud 'grel,3
D2617,rgyud 'grel,3
D2618,rgyud 'grel,6
D2619,rgyud 'grel,35
D2620,rgyud 'grel,23
D2621,rgyud 'grel,3
D2622,rgyud 'grel,3
D2623,rgyud 'grel,62
D2624,rgyud 'grel,158
D2625,rgyud 'grel,221
D2626,rgyud 'grel,437
D2627,rgyud 'grel,142
D2628,rgyud 'grel,192
D2629,rgyud 'grel,31
D2630,rgyud 'grel,25
D2631,rgyud 'grel,65
D2632,rgyud 'grel,23
D2633,rgyud 'grel,24
D2634,rgyud 'grel,16
D2635,rgyud 'grel,25
D2636,rgyud 'grel,18
D2637,rgyud 'grel,42
D2638,rgyud 'grel,22
D2639,rgyud 'grel,11
D2640,rgyud 'grel,5
D2641,rgyud 'grel,3
D2642,rgyud 'grel,1
D2643,rgyud 'grel,2
D2644,rgyud 'grel,27
D2645,rgyud 'grel,21
D2646,rgyud 'grel,6
D2647,rgyud 'grel,44
D2648,rgyud 'grel,9
D2649,rgyud 'grel,3
D2650,rgyud 'grel,2
D2651,rgyud 'grel,5
D2652,rgyud 'grel,10
D2653,rgyud 'grel,4
D2654,rgyud 'grel,1
D2655,rgyud 'grel,3
D2656,rgyud 'grel,2
D2657,rgyud 'grel,2
D2658,rgyud 'grel,2
D2659,rgyud 'grel,2
D2660,rgyud 'grel,11
D2661,rgyud 'grel,45
D2662,rgyud 'grel,128
D2663,rgyud 'grel,392
D2663a,rgyud 'grel,412
D2664,rgyud 'grel,32
D2665,rgyud 'grel,14
D2666,rgyud 'grel,67
D2667,rgyud 'grel,13
D2668,rgyud 'grel,8
D2669,rgyud 'grel,208
D2670,rgyud 'grel,74
D2671,rgyud 'grel,34
D2672,rgyud 'grel,93
D2673,rgyud 'grel,33
D2674,rgyud 'grel,31
D2675,rgyud 'grel,13
D2676,rgyud 'grel,10
D2677,rgyud 'grel,30
D2678,rgyud 'grel,11
D2679,rgyud 'grel,30
D2680,rgyud 'grel,22
D2681,rgyud 'grel,14
D2682,rgyud 'grel,38
D2682a,rgyud 'grel,6
D2683,rgyud 'grel,25
D2684,rgyud 'grel,16
D2685,rgyud 'grel,6
D2686,rgyud 'grel,16
D2687,rgyud 'grel,52
D2688,rgyud 'grel,104
D2689,rgyud 'grel,20
D2690,rgyud 'grel,184
D2691,rgyud 'grel,296
D2692,rgyud 'grel,83
D2693,rgyud 'grel,103
D2694,rgyud 'grel,4
D2695,rgyud 'grel,15
D2696,rgyud 'grel,108
D2697,rgyud 'grel,7
D2698,rgyud 'grel,2
D2699,rgyud 'grel,2
D2700,rgyud 'grel,4
D2701,rgyud 'grel,3
D2702,rgyud 'grel,5
D2703,rgyud 'grel,3
D2704,rgyud 'grel,3
D2705,rgyud 'grel,3
D2706,rgyud 'grel,1
D2707,rgyud 'grel,3
D2708,rgyud 'grel,2
D2709,rgyud 'grel,2
D2710,rgyud 'grel,4
D2711,rgyud 'grel,2
D2712,rgyud 'grel,2
D2713,rgyud 'grel,3
D2714,rgyud 'grel,3
D2715,rgyud 'grel,3
D2716,rgyud 'grel,4
D2717,rgyud 'grel,2
D2718,rgyud 'grel,2
D2719,rgyud 'grel,4
D2720,rgyud 'grel,2
D2721,rgyud 'grel,6
D2722,rgyud 'grel,4
D2723,rgyud 'grel,3
D2724,rgyud 'grel,3
D2725,rgyud 'grel,2
D2726,rgyud 'grel,4
D2727,rgyud 'grel,4
D2728,rgyud 'grel,22
D2729,rgyud 'grel,2
D2730,rgyud 'grel,2
D2731,rgyud 'grel,2
D2732,rgyud 'grel,5
D2733,rgyud 'grel,3
D2733a,rgyud 'grel,2
D2734,rgyud 'grel,3
D2735,rgyud 'grel,2
D2735a,rgyud 'grel,2
D2736,rgyud 'grel,17
D2736a,rgyud 'grel,3
D2737,rgyud 'grel,5
D2738,rgyud 'grel,2
D2739,rgyud 'grel,3
D2740,rgyud 'grel,2
D2741,rgyud 'grel,1
D2742,rgyud 'grel,2
D2743,rgyud 'grel,2
D2744,rgyud 'grel,2
D2745,rgyud 'grel,2
D2746,rgyud 'grel,2
D2747,rgyud 'grel,2
D2748,rgyud 'grel,2
D2749,rgyud 'grel,2
D2750,rgyud 'grel,2
D2751,rgyud 'grel,2
D2752,rgyud 'grel,3
D2753,rgyud 'grel,2
D2754,rgyud 'grel,2
D2755,rgyud 'grel,2
D2756,rgyud 'grel,2
D2757,rgyud 'grel,4
D2758,rgyud 'grel,2
D2759,rgyud 'grel,3
D2760,rgyud 'grel,2
D2761,rgyud 'grel,2
D2762,rgyud 'grel,2
D2763,rgyud 'grel,2
D2764,rgyud 'grel,3
D2765,rgyud 'grel,2
D2766,rgyud 'grel,2
D2767,rgyud 'grel,2
D2768,rgyud 'grel,2
D2769,rgyud 'grel,2
D2770,rgyud 'grel,2
D2771,rgyud 'grel,2
D2772,rgyud 'grel,2
D2773,rgyud 'grel,2
D2774,rgyud 'grel,3
D2775,rgyud 'grel,2
D2776,rgyud 'grel,2
D2777,rgyud 'grel,2
D2778,rgyud 'grel,2
D2779,rgyud 'grel,3
D2780,rgyud 'grel,2
D2781,rgyud 'grel,1
D2782,rgyud 'grel,2
D2783,rgyud 'grel,2
D2784,rgyud 'grel,2
D2785,rgyud 'grel,2
D2786,rgyud 'grel,3
D2787,rgyud 'grel,2
D2788,rgyud 'grel,2
D2789,rgyud 'grel,2
D2790,rgyud 'grel,2
D2791,rgyud 'grel,2
D2792,rgyud 'grel,1
D2793,rgyud 'grel,3
D2794,rgyud 'grel,2
D2795,rgyud 'grel,2
D2796,rgyud 'grel,2
D2797,rgyud 'grel,3
D2798,rgyud 'grel,2
D2799,rgyud 'grel,2
D2800,rgyud 'grel,2
D2801,rgyud 'grel,2
D2802,rgyud 'grel,2
D2803,rgyud 'grel,3
D2804,rgyud 'grel,2
D2805,rgyud 'grel,2
D2806,rgyud 'grel,2
D2807,rgyud 'grel,2
D2808,rgyud 'grel,2
D2809,rgyud 'grel,2
D2810,rgyud 'grel,2
D2811,rgyud 'grel,2
D2812,rgyud 'grel,2
D2813,rgyud 'grel,2
D2814,rgyud 'grel,2
D2815,rgyud 'grel,1
D2816,rgyud 'grel,2
D2817,rgyud 'grel,2
D2818,rgyud 'grel,1
D2819,rgyud 'grel,2
D2820,rgyud 'grel,2
D2821,rgyud 'grel,2
D2822,rgyud 'grel,2
D2823,rgyud 'grel,3
D2824,rgyud 'grel,2
D2825,rgyud 'grel,2
D2826,rgyud 'grel,2
D2827,rgyud 'grel,2
D2828,rgyud 'grel,2
D2829,rgyud 'grel,2
D2830,rgyud 'grel,2
D2831,rgyud 'grel,2
D2832,rgyud 'grel,3
D2833,rgyud 'grel,2
D2834,rgyud 'grel,2
D2835,rgyud 'grel,2
D2836,rgyud 'grel,2
D2837,rgyud 'grel,2
D2838,rgyud 'grel,2
D2839,rgyud 'grel,2
D2840,rgyud 'grel,2
D2841,rgyud 'grel,2
D2842,rgyud 'grel,2
D2843,rgyud 'grel,2
D2844,rgyud 'grel,2
D2845,rgyud 'grel,3
D2846,rgyud 'grel,2
D2847,rgyud 'grel,2
D2848,rgyud 'grel,7
D2849,rgyud 'grel,7
D2850,rgyud 'grel,2
D2851,rgyud 'grel,5
D2852,rgyud 'grel,3
D2853,rgyud 'grel,2
D2854,rgyud 'grel,2
D2855,rgyud 'grel,1
D2856,rgyud 'grel,2
D2857,rgyud 'grel,2
D2858,rgyud 'grel,2
D2859,rgyud 'grel,3
D2860,rgyud 'grel,3
D2861,rgyud 'grel,1
D2862,rgyud 'grel,2
D2863,rgyud 'grel,2
D2864,rgyud 'grel,2
D2865,rgyud 'grel,13
D2866,rgyud 'grel,2
D2867,rgyud 'grel,2
D2868,rgyud 'grel,1
D2869,rgyud 'grel,2
D2870,rgyud 'grel,8
D2871,rgyud 'grel,5
D2872,rgyud 'grel,4
D2873,rgyud 'grel,3
D2874,rgyud 'grel,3
D2875,rgyud 'grel,2
D2876,rgyud 'grel,2
D2877,rgyud 'grel,1
D2878,rgyud 'grel,2
D2879,rgyud 'grel,2
D2880,rgyud 'grel,4
D2880a,rgyud 'grel,1
D2881,rgyud 'grel,8
D2882,rgyud 'grel,3
D2883,rgyud 'grel,3
D2884,rgyud 'grel,3
D2885,rgyud 'grel,1
D2886,rgyud 'grel,15
D2887,rgyud 'grel,3
D2888,rgyud 'grel,10
D2889,rgyud 'grel,3
D2890,rgyud 'grel,2
D2891,rgyud 'grel,2
D2892,rgyud 'grel,3
D2893,rgyud 'grel,3
D2894,rgyud 'grel,6
D2895,rgyud 'grel,3
D2896,rgyud 'grel,5
D2896a,rgyud 'grel,2
D2897,rgyud 'grel,3
D2898,rgyud 'grel,2
D2899,rgyud 'grel,16
D2900,rgyud 'grel,3
D2901,rgyud 'grel,3
D2902,rgyud 'grel,3
D2903,rgyud 'grel,2
D2904,rgyud 'grel,4
D2905,rgyud 'grel,28
D2906,rgyud 'grel,40
D2907,rgyud 'grel,16
D2908,rgyud 'grel,8
D2909,rgyud 'grel,4
D2910,rgyud 'grel,3
D2911,rgyud 'grel,2
D2912,rgyud 'grel,3
D2913,rgyud 'grel,2
D2914,rgyud 'grel,4
D2915,rgyud 'grel,2
D2916,rgyud 'grel,2
D2917,rgyud 'grel,1
D2918,rgyud 'grel,2
D2919,rgyud 'grel,3
D2920,rgyud 'grel,4
D2921,rgyud 'grel,2
D2922,rgyud 'grel,3
D2923,rgyud 'grel,8
D2924,rgyud 'grel,4
D2925,rgyud 'grel,9
D2926,rgyud 'grel,3
D2927,rgyud 'grel,2
D2928,rgyud 'grel,3
D2929,rgyud 'grel,8
D2930,rgyud 'grel,2
D2931,rgyud 'grel,7
D2932,rgyud 'grel,10
D2933,rgyud 'grel,3
D2934,rgyud 'grel,2
D2935,rgyud 'grel,1
D2936,rgyud 'grel,5
D2937,rgyud 'grel,14
D2938,rgyud 'grel,4
D2939,rgyud 'grel,10
D2940,rgyud 'grel,2
D2941,rgyud 'grel,4
D2942,rgyud 'grel,16
D2943,rgyud 'grel,2
D2944,rgyud 'grel,2
D2945,rgyud 'grel,3
D2946,rgyud 'grel,3
D2947,rgyud 'grel,2
D2948,rgyud 'grel,2
D2949,rgyud 'grel,4
D2950,rgyud 'grel,2
D2951,rgyud 'grel,3
D2952,rgyud 'grel,4
D2953,rgyud 'grel,3
D2954,rgyud 'grel,4
D2955,rgyud 'grel,3
D2956,rgyud 'grel,3
D2957,rgyud 'grel,9
D2958,rgyud 'grel,4
D2959,rgyud 'grel,3
D2960,rgyud 'grel,2
D2961,rgyud 'grel,2
D2962,rgyud 'grel,2
D2963,rgyud 'grel,2
D2964,rgyud 'grel,1
D2965,rgyud 'grel,1
D2966,rgyud 'grel,2
D2967,rgyud 'grel,2
D2968,rgyud 'grel,1
D2969,rgyud 'grel,2
D2970,rgyud 'grel,2
D2971,rgyud 'grel,2
D2972,rgyud 'grel,2
D2973,rgyud 'grel,2
D2974,rgyud 'grel,1
D2975,rgyud 'grel,2
D2976,rgyud 'grel,1
D2977,rgyud 'grel,2
D2978,rgyud 'grel,1
D2979,rgyud 'grel,3
D2980,rgyud 'grel,2
D2981,rgyud 'grel,1
D2982,rgyud 'grel,2
D2983,rgyud 'grel,2
D2984,rgyud 'grel,1
D2985,rgyud 'grel,2
D2986,rgyud 'grel,1
D2987,rgyud 'grel,1
D2988,rgyud 'grel,2
D2989,rgyud 'grel,1
D2990,rgyud 'grel,2
D2991,rgyud 'grel,2
D2992,rgyud 'grel,2
D2993,rgyud 'grel,1
D2994,rgyud 'grel,4
D2995,rgyud 'grel,3
D2996,rgyud 'grel,2
D2997,rgyud 'grel,2
D2998,rgyud 'grel,2
D2999,rgyud 'grel,1
D3000,rgyud 'grel,2
D3001,rgyud 'grel,2
D3002,rgyud 'grel,2
D3003,rgyud 'grel,2
D3004,rgyud 'grel,2
D3005,rgyud 'grel,1
D3006,rgyud 'grel,2
D3007,rgyud 'grel,2
D3008,rgyud 'grel,1
D3009,rgyud 'grel,2
D3010,rgyud 'grel,2
D3011,rgyud 'grel,2
D3012,rgyud 'grel,2
D3013,rgyud 'grel,1
D3014,rgyud 'grel,2
D3015,rgyud 'grel,3
D3016,rgyud 'grel,1
D3017,rgyud 'grel,4
D3018,rgyud 'grel,1
D3019,rgyud 'grel,2
D3020,rgyud 'grel,2
D3021,rgyud 'grel,2
D3022,rgyud 'grel,2
D3023,rgyud 'grel,1
D3024,rgyud 'grel,3
D3025,rgyud 'grel,2
D3026,rgyud 'grel,1
D3027,rgyud 'grel,1
D3028,rgyud 'grel,2
D3029,rgyud 'grel,2
D3030,rgyud 'grel,3
D3031,rgyud 'grel,1
D3032,rgyud 'grel,2
D3033,rgyud 'grel,4
D3034,rgyud 'grel,2
D3035,rgyud 'grel,2
D3036,rgyud 'grel,7
D3037,rgyud 'grel,2
D3038,rgyud 'grel,3
D3039,rgyud 'grel,3
D3040,rgyud 'grel,2
D3041,rgyud 'grel,4
D3042,rgyud 'grel,3
D3043,rgyud 'grel,2
D3044,rgyud 'grel,3
D3045,rgyud 'grel,3
D3046,rgyud 'grel,5
D3047,rgyud 'grel,5
D3048,rgyud 'grel,5
D3049,rgyud 'grel,5
D3050,rgyud 'grel,6
D3051,rgyud 'grel,13
D3052,rgyud 'grel,2
D3053,rgyud 'grel,5
D3054,rgyud 'grel,2
D3055,rgyud 'grel,1
D3056,rgyud 'grel,4
D3057,rgyud 'grel,7
D3058,rgyud 'grel,2
D3059,rgyud 'grel,7
D3060,rgyud 'grel,2
D3061,rgyud 'grel,3
D3062,rgyud 'grel,4
D3063,rgyud 'grel,2
D3064,rgyud 'grel,2
D3065,rgyud 'grel,2
D3066,rgyud 'grel,23
D3067,rgyud 'grel,18
D3068,rgyud 'grel,27
D3069,rgyud 'grel,31
D3070,rgyud 'grel,7
D3071,rgyud 'grel,1
D3072,rgyud 'grel,2
D3073,rgyud 'grel,1
D3074,rgyud 'grel,1
D3075,rgyud 'grel,1
D3076,rgyud 'grel,2
D3076a,rgyud 'grel,2
D3077,rgyud 'grel,3
D3078,rgyud 'grel,5
D3079,rgyud 'grel,2
D3080,rgyud 'grel,2
D3081,rgyud 'grel,2
D3082,rgyud 'grel,2
D3083,rgyud 'grel,2
D3084,rgyud 'grel,14
D3085,rgyud 'grel,3
D3086,rgyud 'grel,2
D3087,rgyud 'grel,2
D3088,rgyud 'grel,1
D3089,rgyud 'grel,2
D3090,rgyud 'grel,2
D3091,rgyud 'grel,2
D3092,rgyud 'grel,1
D3093,rgyud 'grel,2
D3094,rgyud 'grel,1
D3095,rgyud 'grel,2
D3096,rgyud 'grel,3
D3097,rgyud 'grel,1
D3098,rgyud 'grel,2
D3099,rgyud 'grel,2
D3100,rgyud 'grel,2
D3101,rgyud 'grel,1
D3102,rgyud 'grel,1
D3103,rgyud 'grel,2
D3104,rgyud 'grel,2
D3105,rgyud 'grel,4
D3106,rgyud 'grel,14
D3107,rgyud 'grel,7
D3108,rgyud 'grel,3
D3109,rgyud 'grel,1
D3110,rgyud 'grel,3
D3111,rgyud 'grel,3
D3112,rgyud 'grel,11
D3113,rgyud 'grel,5
D3114,rgyud 'grel,2
D3115,rgyud 'grel,3
D3116,rgyud 'grel,2
D3117,rgyud 'grel,4
D3118,rgyud 'grel,4
D3119,rgyud 'grel,2
D3120,rgyud 'grel,1
D3121,rgyud 'grel,1
D3122,rgyud 'grel,2
D3123,rgyud 'grel,1
D3124,rgyud 'grel,10
D3125,rgyud 'grel,3
D3126,rgyud 'grel,7
D3127,rgyud 'grel,4
D3128,rgyud 'grel,10
D3129,rgyud 'grel,10
D3130,rgyud 'grel,11
D3131,rgyud 'grel,5
D3132,rgyud 'grel,59
D3133,rgyud 'grel,42
D3134,rgyud 'grel,13
D3135,rgyud 'grel,12
D3136,rgyud 'grel,19
D3137,rgyud 'grel,4
D3138,rgyud 'grel,6
D3139,rgyud 'grel,3
D3140,rgyud 'grel,187
D3141,rgyud 'grel,114
D3142,rgyud 'grel,22
D3143,rgyud 'grel,1
D3144,rgyud 'grel,14
D3145,rgyud 'grel,2
D3146,rgyud 'grel,1
D3147,rgyud 'grel,2
D3148,rgyud 'grel,5
D3149,rgyud 'grel,3
D3150,rgyud 'grel,3
D3151,rgyud 'grel,2
D3152,rgyud 'grel,1
D3153,rgyud 'grel,2
D3154,rgyud 'grel,5
D3155,rgyud 'grel,2
D3156,rgyud 'grel,1
D3157,rgyud 'grel,3
D3158,rgyud 'grel,1
D3159,rgyud 'grel,4
D3160,rgyud 'grel,2
D3161,rgyud 'grel,1
D3162,rgyud 'grel,2
D3163,rgyud 'grel,3
D3164,rgyud 'grel,2
D3165,rgyud 'grel,3
D3166,rgyud 'grel,2
D3167,rgyud 'grel,2
D3168,rgyud 'grel,4
D3169,rgyud 'grel,2
D3170,rgyud 'grel,4
D3171,rgyud 'grel,2
D3172,rgyud 'grel,3
D3173,rgyud 'grel,5
D3174,rgyud 'grel,3
D3175,rgyud 'grel,1
D3176,rgyud 'grel,2
D3177,rgyud 'grel,4
D3178,rgyud 'grel,2
D3179,rgyud 'grel,1
D3180,rgyud 'grel,2
D3181,rgyud 'grel,3
D3182,rgyud 'grel,1
D3183,rgyud 'grel,2
D3184,rgyud 'grel,4
D3185,rgyud 'grel,1
D3186,rgyud 'grel,4
D3187,rgyud 'grel,1
D3188,rgyud 'grel,1
D3189,rgyud 'grel,2
D3190,rgyud 'grel,1
D3191,rgyud 'grel,1
D3192,rgyud 'grel,4
D3193,rgyud 'grel,2
D3194,rgyud 'grel,1
D3195,rgyud 'grel,2
D3196,rgyud 'grel,1
D3197,rgyud 'grel,6
D3198,rgyud 'grel,5
D3199,rgyud 'grel,2
D3200,rgyud 'grel,1
D3201,rgyud 'grel,3
D3202,rgyud 'grel,2
D3203,rgyud 'grel,2
D3204,rgyud 'grel,2
D3205,rgyud 'grel,2
D3206,rgyud 'grel,2
D3207,rgyud 'grel,4
D3208,rgyud 'grel,4
D3209,rgyud 'grel,5
D3210,rgyud 'grel,1
D3211,rgyud 'grel,1
D3212,rgyud 'grel,2
D3213,rgyud 'grel,2
D3214,rgyud 'grel,3
D3215,rgyud 'grel,2
D3216,rgyud 'grel,2
D3217,rgyud 'grel,3
D3218,rgyud 'grel,5
D3219,rgyud 'grel,2
D3220,rgyud 'grel,1
D3221,rgyud 'grel,2
D3222,rgyud 'grel,2
D3223,rgyud 'grel,2
D3224,rgyud 'grel,1
D3225,rgyud 'grel,3
D3226,rgyud 'grel,3
D3227,rgyud 'grel,2
D3228,rgyud 'grel,3
D3229,rgyud 'grel,2
D3230,rgyud 'grel,3
D3231,rgyud 'grel,3
D3232,rgyud 'grel,2
D3233,rgyud 'grel,3
D3234,rgyud 'grel,2
D3235,rgyud 'grel,1
D3236,rgyud 'grel,2
D3237,rgyud 'grel,2
D3238,rgyud 'grel,1
D3239,rgyud 'grel,2
D3240,rgyud 'grel,1
D3241,rgyud 'grel,2
D3242,rgyud 'grel,1
D3243,rgyud 'grel,2
D3244,rgyud 'grel,1
D3245,rgyud 'grel,2
D3245a,rgyud 'grel,2
D3245b,rgyud 'grel,1
D3246,rgyud 'grel,2
D3247,rgyud 'grel,3
D3248,rgyud 'grel,2
D3249,rgyud 'grel,1
D3250,rgyud 'grel,2
D3251,rgyud 'grel,2
D3252,rgyud 'grel,2
D3253,rgyud 'grel,1
D3254,rgyud 'grel,1
D3255,rgyud 'grel,2
D3256,rgyud 'grel,2
D3257,rgyud 'grel,1
D3258,rgyud 'grel,1
D3259,rgyud 'grel,2
D3260,rgyud 'grel,1
D3261,rgyud 'grel,2
D3262,rgyud 'grel,3
D3263,rgyud 'grel,2
D3264,rgyud 'grel,2
D3265,rgyud 'grel,1
D3266,rgyud 'grel,5
D3267,rgyud 'grel,2
D3268,rgyud 'grel,3
D3269,rgyud 'grel,2
D3270,rgyud 'grel,2
D3271,rgyud 'grel,2
D3272,rgyud 'grel,3
D3273,rgyud 'grel,1
D3274,rgyud 'grel,2
D3275,rgyud 'grel,1
D3276,rgyud 'grel,1
D3277,rgyud 'grel,2
D3278,rgyud 'grel,1
D3279,rgyud 'grel,1
D3280,rgyud 'grel,2
D3281,rgyud 'grel,3
D3282,rgyud 'grel,2
D3283,rgyud 'grel,2
D3284,rgyud 'grel,3
D3285,rgyud 'grel,2
D3286,rgyud 'grel,3
D3287,rgyud 'grel,2
D3288,rgyud 'grel,2
D3289,rgyud 'grel,1
D3290,rgyud 'grel,2
D3291,rgyud 'grel,1
D3292,rgyud 'grel,4
D3293,rgyud 'grel,2
D3294,rgyud 'grel,1
D3295,rgyud 'grel,8
D3296,rgyud 'grel,2
D3297,rgyud 'grel,4
D3298,rgyud 'grel,2
D3299,rgyud 'grel,2
D3300,rgyud 'grel,3
D3301,rgyud 'grel,2
D3302,rgyud 'grel,3
D3303,rgyud 'grel,6
D3304,rgyud 'grel,3
D3305,rgyud 'grel,403
D3306,rgyud 'grel,5
D3307,rgyud 'grel,7
D3308,rgyud 'grel,3
D3309,rgyud 'grel,2
D3310,rgyud 'grel,5
D3311,rgyud 'grel,3
D3312,rgyud 'grel,2
D3313,rgyud 'grel,2
D3314,rgyud 'grel,4
D3315,rgyud 'grel,1
D3316,rgyud 'grel,2
D3317,rgyud 'grel,1
D3318,rgyud 'grel,2
D3319,rgyud 'grel,3
D3320,rgyud 'grel,2
D3321,rgyud 'grel,3
D3322,rgyud 'grel,3
D3323,rgyud 'grel,3
D3324,rgyud 'grel,3
D3325,rgyud 'grel,1
D3326,rgyud 'grel,2
D3327,rgyud 'grel,2
D3328,rgyud 'grel,3
D3329,rgyud 'grel,2
D3330,rgyud 'grel,3
D3331,rgyud 'grel,1
D3332,rgyud 'grel,3
D3333,rgyud 'grel,3
D3334,rgyud 'grel,1
D3335,rgyud 'grel,2
D3336,rgyud 'grel,2
D3337,rgyud 'grel,2
D3338,rgyud 'grel,1
D3339,rgyud 'grel,3
D3340,rgyud 'grel,2
D3341,rgyud 'grel,3
D3342,rgyud 'grel,3
D3343,rgyud 'grel,1
D3344,rgyud 'grel,2
D3345,rgyud 'grel,3
D3346,rgyud 'grel,2
D3347,rgyud 'grel,2
D3348,rgyud 'grel,2
D3349,rgyud 'grel,1
D3350,rgyud 'grel,2
D3351,rgyud 'grel,1
D3352,rgyud 'grel,2
D3353,rgyud 'grel,2
D3354,rgyud 'grel,2
D3355,rgyud 'grel,2
D3356,rgyud 'grel,2
D3357,rgyud 'grel,3
D3358,rgyud 'grel,1
D3359,rgyud 'grel,2
D3360,rgyud 'grel,2
D3361,rgyud 'grel,1
D3362,rgyud 'grel,3
D3363,rgyud 'grel,1
D3364,rgyud 'grel,2
D3365,rgyud 'grel,2
D3366,rgyud 'grel,1
D3367,rgyud 'grel,2
D3368,rgyud 'grel,4
D3369,rgyud 'grel,2
D3370,rgyud 'grel,5
D3371,rgyud 'grel,2
D3372,rgyud 'grel,3
D3373,rgyud 'grel,3
D3374,rgyud 'grel,5
D3375,rgyud 'grel,2
D3376,rgyud 'grel,2
D3377,rgyud 'grel,1
D3378,rgyud 'grel,2
D3379,rgyud 'grel,2
D3380,rgyud 'grel,1
D3381,rgyud 'grel,1
D3382,rgyud 'grel,2
D3383,rgyud 'grel,1
D3384,rgyud 'grel,2
D3385,rgyud 'grel,1
D3386,rgyud 'grel,2
D3387,rgyud 'grel,2
D3388,rgyud 'grel,2
D3389,rgyud 'grel,1
D3390,rgyud 'grel,2
D3391,rgyud 'grel,1
D3392,rgyud 'grel,2
D3393,rgyud 'grel,1
D3394,rgyud 'grel,1
D3395,rgyud 'grel,2
D3396,rgyud 'grel,2
D3397,rgyud 'grel,1
D3398,rgyud 'grel,2
D3399,rgyud 'grel,2
D3400,rgyud 'grel,12
D3401,rgyud 'grel,3
D3402,rgyud 'grel,4
D3403,rgyud 'grel,2
D3404,rgyud 'grel,3
D3405,rgyud 'grel,2
D3406,rgyud 'grel,4
D3407,rgyud 'grel,1
D3408,rgyud 'grel,3
D3409,rgyud 'grel,1
D3410,rgyud 'grel,4
D3411,rgyud 'grel,4
D3412,rgyud 'grel,7
D3413,rgyud 'grel,3
D3414,rgyud 'grel,2
D3415,rgyud 'grel,2
D3416,rgyud 'grel,1
D3417,rgyud 'grel,2
D3418,rgyud 'grel,2
D3419,rgyud 'grel,2
D3420,rgyud 'grel,2
D3421,rgyud 'grel,3
D3422,rgyud 'grel,2
D3423,rgyud 'grel,2
D3424,rgyud 'grel,2
D3425,rgyud 'grel,1
D3426,rgyud 'grel,3
D3427,rgyud 'grel,2
D3428,rgyud 'grel,3
D3429,rgyud 'grel,1
D3430,rgyud 'grel,2
D3431,rgyud 'grel,2
D3432,rgyud 'grel,2
D3433,rgyud 'grel,1
D3434,rgyud 'grel,2
D3435,rgyud 'grel,5
D3436,rgyud 'grel,5
D3437,rgyud 'grel,4
D3438,rgyud 'grel,3
D3439,rgyud 'grel,2
D3440,rgyud 'grel,3
D3441,rgyud 'grel,3
D3442,rgyud 'grel,4
D3443,rgyud 'grel,2
D3444,rgyud 'grel,2
D3445,rgyud 'grel,3
D3446,rgyud 'grel,2
D3447,rgyud 'grel,2
D3448,rgyud 'grel,2
D3449,rgyud 'grel,3
D3450,rgyud 'grel,5
D3451,rgyud 'grel,1
D3452,rgyud 'grel,3
D3453,rgyud 'grel,2
D3454,rgyud 'grel,3
D3455,rgyud 'grel,2
D3456,rgyud 'grel,2
D3457,rgyud 'grel,2
D3458,rgyud 'grel,1
D3459,rgyud 'grel,4
D3460,rgyud 'grel,3
D3461,rgyud 'grel,5
D3462,rgyud 'grel,1
D3463,rgyud 'grel,2
D3464,rgyud 'grel,1
D3465,rgyud 'grel,3
D3466,rgyud 'grel,2
D3467,rgyud 'grel,3
D3468,rgyud 'grel,2
D3469,rgyud 'grel,2
D3470,rgyud 'grel,1
D3471,rgyud 'grel,2
D3472,rgyud 'grel,1
D3473,rgyud 'grel,3
D3474,rgyud 'grel,2
D3475,rgyud 'grel,3
D3476,rgyud 'grel,5
D3477,rgyud 'grel,3
D3478,rgyud 'grel,3
D3479,rgyud 'grel,2
D3480,rgyud 'grel,2
D3481,rgyud 'grel,4
D3482,rgyud 'grel,1
D3483,rgyud 'grel,2
D3484,rgyud 'grel,1
D3485,rgyud 'grel,2
D3486,rgyud 'grel,5
D3487,rgyud 'grel,5
D3488,rgyud 'grel,2
D3489,rgyud 'grel,5
D3490,rgyud 'grel,11
D3491,rgyud 'grel,7
D3492,rgyud 'grel,2
D3493,rgyud 'grel,2
D3494,rgyud 'grel,3
D3495,rgyud 'grel,2
D3496,rgyud 'grel,2
D3497,rgyud 'grel,2
D3498,rgyud 'grel,1
D3499,rgyud 'grel,2
D3500,rgyud 'grel,4
D3501,rgyud 'grel,1
D3502,rgyud 'grel,1
D3503,rgyud 'grel,2
D3504,rgyud 'grel,2
D3505,rgyud 'grel,2
D3506,rgyud 'grel,2
D3507,rgyud 'grel,3
D3508,rgyud 'grel,2
D3509,rgyud 'grel,1
D3510,rgyud 'grel,2
D3511,rgyud 'grel,3
D3512,rgyud 'grel,2
D3513,rgyud 'grel,2
D3514,rgyud 'grel,7
D3515,rgyud 'grel,3
D3516,rgyud 'grel,2
D3517,rgyud 'grel,2
D3518,rgyud 'grel,2
D3519,rgyud 'grel,2
D3520,rgyud 'grel,1
D3521,rgyud 'grel,2
D3522,rgyud 'grel,2
D3523,rgyud 'grel,2
D3524,rgyud 'grel,3
D3525,rgyud 'grel,2
D3526,rgyud 'grel,2
D3527,rgyud 'grel,4
D3528,rgyud 'grel,2
D3529,rgyud 'grel,2
D3530,rgyud 'grel,2
D3531,rgyud 'grel,1
D3532,rgyud 'grel,5
D3533,rgyud 'grel,2
D3534,rgyud 'grel,3
D3535,rgyud 'grel,4
D3536,rgyud 'grel,2
D3537,rgyud 'grel,2
D3538,rgyud 'grel,2
D3539,rgyud 'grel,2
D3540,rgyud 'grel,1
D3541,rgyud 'grel,1
D3542,rgyud 'grel,1
D3543,rgyud 'grel,2
D3544,rgyud 'grel,2
D3545,rgyud 'grel,2
D3546,rgyud 'grel,3
D3547,rgyud 'grel,2
D3548,rgyud 'grel,2
D3549,rgyud 'grel,2
D3550,rgyud 'grel,4
D3551,rgyud 'grel,3
D3552,rgyud 'grel,3
D3553,rgyud 'grel,1
D3554,rgyud 'grel,4
D3555,rgyud 'grel,2
D3556,rgyud 'grel,2
D3557,rgyud 'grel,2
D3558,rgyud 'grel,2
D3559,rgyud 'grel,2
D3560,rgyud 'grel,1
D3561,rgyud 'grel,4
D3562,rgyud 'grel,4
D3563,rgyud 'grel,1
D3564,rgyud 'grel,2
D3565,rgyud 'grel,2
D3566,rgyud 'grel,5
D3567,rgyud 'grel,4
D3568,rgyud 'grel,2
D3569,rgyud 'grel,4
D3570,rgyud 'grel,2
D3571,rgyud 'grel,2
D3572,rgyud 'grel,3
D3573,rgyud 'grel,2
D3574,rgyud 'grel,2
D3575,rgyud 'grel,9
D3576,rgyud 'grel,8
D3577,rgyud 'grel,2
D3578,rgyud 'grel,4
D3579,rgyud 'grel,2
D3580,rgyud 'grel,2
D3581,rgyud 'grel,1
D3582,rgyud 'grel,2
D3583,rgyud 'grel,2
D3584,rgyud 'grel,2
D3585,rgyud 'grel,2
D3586,rgyud 'grel,2
D3587,rgyud 'grel,1
D3588,rgyud 'grel,1
D3589,rgyud 'grel,2
D3590,rgyud 'grel,2
D3591,rgyud 'grel,1
D3592,rgyud 'grel,1
D3593,rgyud 'grel,2
D3594,rgyud 'grel,1
D3595,rgyud 'grel,2
D3596,rgyud 'grel,9
D3597,rgyud 'grel,2
D3598,rgyud 'grel,1
D3599,rgyud 'grel,2
D3600,rgyud 'grel,4
D3601,rgyud 'grel,2
D3602,rgyud 'grel,2
D3603,rgyud 'grel,1
D3604,rgyud 'grel,2
D3605,rgyud 'grel,1
D3606,rgyud 'grel,2
D3607,rgyud 'grel,3
D3608,rgyud 'grel,7
D3609,rgyud 'grel,3
D3610,rgyud 'grel,4
D3611,rgyud 'grel,1
D3612,rgyud 'grel,2
D3613,rgyud 'grel,4
D3614,rgyud 'grel,2
D3615,rgyud 'grel,2
D3616,rgyud 'grel,1
D3617,rgyud 'grel,1
D3618,rgyud 'grel,3
D3619,rgyud 'grel,3
D3620,rgyud 'grel,2
D3621,rgyud 'grel,2
D3622,rgyud 'grel,2
D3623,rgyud 'grel,4
D3624,rgyud 'grel,2
D3625,rgyud 'grel,1
D3626,rgyud 'grel,2
D3627,rgyud 'grel,2
D3628,rgyud 'grel,2
D3629,rgyud 'grel,3
D3630,rgyud 'grel,2
D3631,rgyud 'grel,2
D3632,rgyud 'grel,3
D3633,rgyud 'grel,2
D3634,rgyud 'grel,2
D3635,rgyud 'grel,1
D3636,rgyud 'grel,2
D3637,rgyud 'grel,1
D3638,rgyud 'grel,4
D3639,rgyud 'grel,2
D3640,rgyud 'grel,1
D3641,rgyud 'grel,3
D3642,rgyud 'grel,5
D3643,rgyud 'grel,2
D3644,rgyud 'grel,3
D3645,rgyud 'grel,4
D3646,rgyud 'grel,4
D3647,rgyud 'grel,1
D3648,rgyud 'grel,3
D3649,rgyud 'grel,2
D3650,rgyud 'grel,2
D3651,rgyud 'grel,2
D3652,rgyud 'grel,1
D3653,rgyud 'grel,2
D3654,rgyud 'grel,1
D3655,rgyud 'grel,2
D3656,rgyud 'grel,1
D3657,rgyud 'grel,2
D3658,rgyud 'grel,1
D3659,rgyud 'grel,2
D3660,rgyud 'grel,1
D3661,rgyud 'grel,2
D3661a,rgyud 'grel,4
D3662,rgyud 'grel,1
D3663,rgyud 'grel,2
D3664,rgyud 'grel,3
D3665,rgyud 'grel,20
D3666,rgyud 'grel,3
D3667,rgyud 'grel,5
D3668,rgyud 'grel,2
D3669,rgyud 'grel,2
D3670,rgyud 'grel,5
D3671,rgyud 'grel,2
D3672,rgyud 'grel,4
D3673,rgyud 'grel,3
D3674,rgyud 'grel,3
D3675,rgyud 'grel,41
D3676,rgyud 'grel,2
D3677,rgyud 'grel,2
D3678,rgyud 'grel,3
D3679,rgyud 'grel,3
D3680,rgyud 'grel,1
D3681,rgyud 'grel,5
D3682,rgyud 'grel,2
D3683,rgyud 'grel,1
D3684,rgyud 'grel,3
D3685,rgyud 'grel,5
D3686,rgyud 'grel,12
D3687,rgyud 'grel,2
D3688,rgyud 'grel,2
D3689,rgyud 'grel,3
D3690,rgyud 'grel,2
D3691,rgyud 'grel,2
D3692,rgyud 'grel,4
D3693,rgyud 'grel,2
D3694,rgyud 'grel,2
D3695,rgyud 'grel,1
D3696,rgyud 'grel,3
D3697,rgyud 'grel,1
D3698,rgyud 'grel,4
D3699,rgyud 'grel,5
D3700,rgyud 'grel,6
D3701,rgyud 'grel,3
D3702,rgyud 'grel,2
D3703,rgyud 'grel,16
D3704,rgyud 'grel,2
D3705,rgyud 'grel,9
D3706,rgyud 'grel,3
D3707,rgyud 'grel,41
D3708,rgyud 'grel,26
D3709,rgyud 'grel,75
D3710,rgyud 'grel,6
D3711,rgyud 'grel,44
D3712,rgyud 'grel,10
D3713,rgyud 'grel,22
D3714,rgyud 'grel,11
D3715,rgyud 'grel,90
D3716,rgyud 'grel,38
D3717,rgyud 'grel,23
D3718,rgyud 'grel,6
D3719,rgyud 'grel,24
D3720,rgyud 'grel,18
D3721,rgyud 'grel,5
D3722,rgyud 'grel,49
D3723,rgyud 'grel,11
D3724,rgyud 'grel,7
D3725,rgyud 'grel,12
D3726,rgyud 'grel,11
D3727,rgyud 'grel,5
D3728,rgyud 'grel,5
D3729,rgyud 'grel,11
D3730,rgyud 'grel,5
D3731,rgyud 'grel,5
D3732,rgyud 'grel,5
D3733,rgyud 'grel,2
D3734,rgyud 'grel,4
D3735,rgyud 'grel,2
D3736,rgyud 'grel,3
D3737,rgyud 'grel,2
D3738,rgyud 'grel,3
D3739,rgyud 'grel,2
D3740,rgyud 'grel,3
D3741,rgyud 'grel,2
D3742,rgyud 'grel,2
D3743,rgyud 'grel,5
D3744,rgyud 'grel,2
D3745,rgyud 'grel,6
D3746,rgyud 'grel,4
D3747,rgyud 'grel,2
D3748,rgyud 'grel,2
D3749,rgyud 'grel,1
D3750,rgyud 'grel,3
D3751,rgyud 'grel,2
D3752,rgyud 'grel,2
D3753,rgyud 'grel,6
D3754,rgyud 'grel,4
D3755,rgyud 'grel,20
D3756,rgyud 'grel,14
D3757,rgyud 'grel,8
D3758,rgyud 'grel,8
D3759,rgyud 'grel,2
D3760,rgyud 'grel,2
D3761,rgyud 'grel,2
D3762,rgyud 'grel,2
D3763,rgyud 'grel,2
D3764,rgyud 'grel,2
D3765,rgyud 'grel,6
D3766,rgyud 'grel,16
D3767,rgyud 'grel,2
D3768,rgyud 'grel,7
D3769,rgyud 'grel,61
D3770,rgyud 'grel,2
D3771,rgyud 'grel,27
D3772,rgyud 'grel,3
D3773,rgyud 'grel,26
D3774,rgyud 'grel,12
D3775,rgyud 'grel,4
D3776,rgyud 'grel,19
D3777,rgyud 'grel,17
D3778,rgyud 'grel,17
D3779,rgyud 'grel,3
D3780,rgyud 'grel,2
D3781,rgyud 'grel,2
D3782,rgyud 'grel,2
D3783,rgyud 'grel,2
D3784,rgyud 'grel,3
D3785,rgyud 'grel,-446
D3786,mdo 'grel (sher phyin),25
D3787,mdo 'grel (sher phyin),397
D3788,mdo 'grel (sher phyin),360
D3789,mdo 'grel (sher phyin),123
D3790,mdo 'grel (sher phyin),1922
D3791,mdo 'grel (sher phyin),680
D3792,mdo 'grel (sher phyin),154
D3793,mdo 'grel (sher phyin),124
D3794,mdo 'grel (sher phyin),228
D3795,mdo 'grel (sher phyin),42
D3796,mdo 'grel (sher phyin),218
D3797,mdo 'grel (sher phyin),13
D3798,mdo 'grel (sher phyin),148
D3799,mdo 'grel (sher phyin),144
D3800,mdo 'grel (sher phyin),150
D3801,mdo 'grel (sher phyin),257
D3802,mdo 'grel (sher phyin),133
D3803,mdo 'grel (sher phyin),458
D3804,mdo 'grel (sher phyin),20
D3805,mdo 'grel (sher phyin),454
D3806,mdo 'grel (sher phyin),15
D3807,mdo 'grel (sher phyin),1630
D3808,mdo 'grel (sher phyin),583
D3809,mdo 'grel (sher phyin),5
D3810,mdo 'grel (sher phyin),42
D3811,mdo 'grel (sher phyin),638
D3812,mdo 'grel (sher phyin),3
D3813,mdo 'grel (sher phyin),9
D3814,mdo 'grel (sher phyin),166
D3815,mdo 'grel (sher phyin),179
D3816,mdo 'grel (sher phyin),52
D3817,mdo 'grel (sher phyin),127
D3818,mdo 'grel (sher phyin),27
D3819,mdo 'grel (sher phyin),13
D3820,mdo 'grel (sher phyin),18
D3821,mdo 'grel (sher phyin),18
D3822,mdo 'grel (sher phyin),20
D3823,mdo 'grel (sher phyin),-623
D3824,mdo 'grel (dbu ma),37
D3825,mdo 'grel (dbu ma),5
D3826,mdo 'grel (dbu ma),4
D3827,mdo 'grel (dbu ma),7
D3828,mdo 'grel (dbu ma),5
D3829,mdo 'grel (dbu ma),140
D3830,mdo 'grel (dbu ma),22
D3831,mdo 'grel (dbu ma),23
D3832,mdo 'grel (dbu ma),33
D3833,mdo 'grel (dbu ma),2
D3834,mdo 'grel (dbu ma),1
D3835,mdo 'grel (dbu ma),17
D3836,mdo 'grel (dbu ma),1
D3837,mdo 'grel (dbu ma),6
D3838,mdo 'grel (dbu ma),3
D3839,mdo 'grel (dbu ma),3
D3840,mdo 'grel (dbu ma),2
D3841,mdo 'grel (dbu ma),14
D3842,mdo 'grel (dbu ma),246
D3843,mdo 'grel (dbu ma),4
D3844,mdo 'grel (dbu ma),1
D3845,mdo 'grel (dbu ma),-562
D3846,mdo 'grel (dbu ma),37
D3847,mdo 'grel (dbu ma),7
D3848,mdo 'grel (dbu ma),1
D3849,mdo 'grel (dbu ma),4
D3850,mdo 'grel (dbu ma),6
D3851,mdo 'grel (dbu ma),4
D3852,mdo 'grel (dbu ma),36
D3853,mdo 'grel (dbu ma),429
D3854,mdo 'grel (dbu ma),60
D3855,mdo 'grel (dbu ma),79
D3856,mdo 'grel (dbu ma),579
D3857,mdo 'grel (dbu ma),2
D3858,mdo 'grel (dbu ma),1
D3859,mdo 'grel (dbu ma),1926
D3860,mdo 'grel (dbu ma),398
D3861,mdo 'grel (dbu ma),37
D3862,mdo 'grel (dbu ma),256
D3863,mdo 'grel (dbu ma),2
D3864,mdo 'grel (dbu ma),59
D3865,mdo 'grel (dbu ma),418
D3866,mdo 'grel (dbu ma),55
D3867,mdo 'grel (dbu ma),140
D3868,mdo 'grel (dbu ma),76
D3869,mdo 'grel (dbu ma),2
D3870,mdo 'grel (dbu ma),0
D3871,mdo 'grel (dbu ma),79
D3872,mdo 'grel (dbu ma),494
D3873,mdo 'grel (dbu ma),122
D3874,mdo 'grel (dbu ma),179
D3875,mdo 'grel (dbu ma),11
D3875a,mdo 'grel (dbu ma),128
D3876,mdo 'grel (dbu ma),39
D3877,mdo 'grel (dbu ma),21
D3878,mdo 'grel (dbu ma),8
D3879,mdo 'grel (dbu ma),3
D3880,mdo 'grel (dbu ma),186
D3881,mdo 'grel (dbu ma),5
D3882,mdo 'grel (dbu ma),25
D3883,mdo 'grel (dbu ma),75
D3884,mdo 'grel (dbu ma),8
D3885,mdo 'grel (dbu ma),56
D3886,mdo 'grel (dbu ma),100
D3887,mdo 'grel (dbu ma),222
D3888,mdo 'grel (dbu ma),58
D3889,mdo 'grel (dbu ma),37
D3890,mdo 'grel (dbu ma),14
D3891,mdo 'grel (dbu ma),64
D3892,mdo 'grel (dbu ma),9
D3893,mdo 'grel (dbu ma),14
D3894,mdo 'grel (dbu ma),3
D3895,mdo 'grel (dbu ma),23
D3896,mdo 'grel (dbu ma),94
D3897,mdo 'grel (dbu ma),417
D3898,mdo 'grel (dbu ma),13
D3899,mdo 'grel (dbu ma),2
D3900,mdo 'grel (dbu ma),118
D3901,mdo 'grel (dbu ma),11
D3902,mdo 'grel (dbu ma),3
D3903,mdo 'grel (dbu ma),440
D3904,mdo 'grel (dbu ma),6
D3905,mdo 'grel (dbu ma),19
D3906,mdo 'grel (dbu ma),2
D3907,mdo 'grel (dbu ma),15
D3908,mdo 'grel (dbu ma),6
D3909,mdo 'grel (dbu ma),5
D3910,mdo 'grel (dbu ma),15
D3911,mdo 'grel (dbu ma),4
D3912,mdo 'grel (dbu ma),4
D3913,mdo 'grel (dbu ma),6
D3914,mdo 'grel (dbu ma),6
D3915,mdo 'grel (dbu ma),40
D3916,mdo 'grel (dbu ma),28
D3917,mdo 'grel (dbu ma),27
D3918,mdo 'grel (dbu ma),5
D3919,mdo 'grel (dbu ma),2
D3920,mdo 'grel (dbu ma),3
D3921,mdo 'grel (dbu ma),2
D3922,mdo 'grel (dbu ma),11
D3923,mdo 'grel (dbu ma),5
D3924,mdo 'grel (dbu ma),24
D3925,mdo 'grel (dbu ma),4
D3926,mdo 'grel (dbu ma),2
D3927,mdo 'grel (dbu ma),4
D3928,mdo 'grel (dbu ma),3
D3929,mdo 'grel (dbu ma),2
D3930,mdo 'grel (dbu ma),41
D3931,mdo 'grel (dbu ma),15
D3932,mdo 'grel (dbu ma),4
D3933,mdo 'grel (dbu ma),46
D3934,mdo 'grel (dbu ma),134
D3935,mdo 'grel (dbu ma),239
D3936,mdo 'grel (dbu ma),10
D3937,mdo 'grel (dbu ma),5
D3938,mdo 'grel (dbu ma),36
D3939,mdo 'grel (dbu ma),4
D3940,mdo 'grel (dbu ma),384
D3941,mdo 'grel (dbu ma),3
D3942,mdo 'grel (dbu ma),2
D3943,mdo 'grel (dbu ma),43
D3944,mdo 'grel (dbu ma),36
D3945,mdo 'grel (dbu ma),5
D3946,mdo 'grel (dbu ma),3
D3947,mdo 'grel (dbu ma),7
D3948,mdo 'grel (dbu ma),105
D3949,mdo 'grel (dbu ma),2
D3950,mdo 'grel (dbu ma),3
D3951,mdo 'grel (dbu ma),4
D3952,mdo 'grel (dbu ma),4
D3953,mdo 'grel (dbu ma),4
D3954,mdo 'grel (dbu ma),8
D3955,mdo 'grel (dbu ma),2
D3956,mdo 'grel (dbu ma),3
D3957,mdo 'grel (dbu ma),6
D3958,mdo 'grel (dbu ma),3
D3959,mdo 'grel (dbu ma),10
D3960,mdo 'grel (dbu ma),2
D3961,mdo 'grel (dbu ma),394
D3962,mdo 'grel (dbu ma),3
D3963,mdo 'grel (dbu ma),5
D3964,mdo 'grel (dbu ma),69
D3965,mdo 'grel (dbu ma),4
D3966,mdo 'grel (dbu ma),5
D3967,mdo 'grel (dbu ma),6
D3968,mdo 'grel (dbu ma),8
D3969,mdo 'grel (dbu ma),8
D3970,mdo 'grel (dbu ma),5
D3971,mdo 'grel (dbu ma),6
D3972,mdo 'grel (dbu ma),2
D3973,mdo 'grel (dbu ma),3
D3974,mdo 'grel (dbu ma),2
D3975,mdo 'grel (dbu ma),2
D3976,mdo 'grel (dbu ma),2
D3977,mdo 'grel (dbu ma),2
D3978,mdo 'grel (dbu ma),3
D3979,mdo 'grel (dbu ma),2
D3980,mdo 'grel (dbu ma),2
D3981,mdo 'grel (mdo),21
D3982,mdo 'grel (mdo),8
D3983,mdo 'grel (mdo),2
D3984,mdo 'grel (mdo),6
D3985,mdo 'grel (mdo),6
D3986,mdo 'grel (mdo),71
D3987,mdo 'grel (mdo),17
D3988,mdo 'grel (mdo),3
D3989,mdo 'grel (mdo),4
D3990,mdo 'grel (mdo),2
D3990a,mdo 'grel (mdo),10
D3991,mdo 'grel (mdo),10
D3992,mdo 'grel (mdo),54
D3993,mdo 'grel (mdo),326
D3994,mdo 'grel (mdo),536
D3995,mdo 'grel (mdo),120
D3996,mdo 'grel (mdo),346
D3997,mdo 'grel (mdo),78
D3998,mdo 'grel (mdo),237
D3999,mdo 'grel (mdo),8
D4000,mdo 'grel (mdo),46
D4001,mdo 'grel (mdo),37
D4002,mdo 'grel (mdo),16
D4003,mdo 'grel (mdo),7
D4004,mdo 'grel (mdo),9
D4005,mdo 'grel (mdo),20
D4006,mdo 'grel (mdo),14
D4007,mdo 'grel (mdo),10
D4008,mdo 'grel (mdo),3
D4009,mdo 'grel (mdo),156
D4010,mdo 'grel (mdo),325
D4011,mdo 'grel (mdo),38
D4012,mdo 'grel (mdo),39
D4013,mdo 'grel (mdo),67
D4014,mdo 'grel (mdo),38
D4015,mdo 'grel (mdo),34
D4016,mdo 'grel (mdo),1470
D4017,mdo 'grel (mdo),254
D4018,mdo 'grel (mdo),522
D4019,mdo 'grel (mdo),618
D4020,mdo 'grel (sems tsam),77
D4021,mdo 'grel (sems tsam),11
D4022,mdo 'grel (sems tsam),7
D4023,mdo 'grel (sems tsam),6
D4024,mdo 'grel (sems tsam),39
D4025,mdo 'grel (sems tsam),110
D4026,mdo 'grel (sems tsam),262
D4027,mdo 'grel (sems tsam),52
D4028,mdo 'grel (sems tsam),23
D4029,mdo 'grel (sems tsam),272
D4030,mdo 'grel (sems tsam),19
D4031,mdo 'grel (sems tsam),13
D4032,mdo 'grel (sems tsam),258
D4033,mdo 'grel (sems tsam),54
D4034,mdo 'grel (sems tsam),1094
D4035,mdo 'grel (sems tsam),564
D4036,mdo 'grel (sems tsam),388
D4037,mdo 'grel (sems tsam),424
D4038,mdo 'grel (sems tsam),828
D4039,mdo 'grel (sems tsam),417
D4040,mdo 'grel (sems tsam),42
D4041,mdo 'grel (sems tsam),51
D4042,mdo 'grel (sems tsam),43
D4043,mdo 'grel (sems tsam),144
D4044,mdo 'grel (sems tsam),83
D4045,mdo 'grel (sems tsam),19
D4046,mdo 'grel (sems tsam),61
D4047,mdo 'grel (sems tsam),674
D4048,mdo 'grel (sems tsam),84
D4049,mdo 'grel (sems tsam),153
D4050,mdo 'grel (sems tsam),138
D4051,mdo 'grel (sems tsam),212
D4052,mdo 'grel (sems tsam),130
D4053,mdo 'grel (sems tsam),232
D4054,mdo 'grel (sems tsam),353
D4055,mdo 'grel (sems tsam),4
D4056,mdo 'grel (sems tsam),3
D4057,mdo 'grel (sems tsam),13
D4058,mdo 'grel (sems tsam),4
D4059,mdo 'grel (sems tsam),12
D4060,mdo 'grel (sems tsam),24
D4061,mdo 'grel (sems tsam),212
D4062,mdo 'grel (sems tsam),22
D4063,mdo 'grel (sems tsam),4
D4064,mdo 'grel (sems tsam),51
D4065,mdo 'grel (sems tsam),49
D4066,mdo 'grel (sems tsam),110
D4067,mdo 'grel (sems tsam),61
D4068,mdo 'grel (sems tsam),215
D4069,mdo 'grel (sems tsam),324
D4070,mdo 'grel (sems tsam),124
D4071,mdo 'grel (sems tsam),78
D4072,mdo 'grel (sems tsam),38
D4073,mdo 'grel (sems tsam),13
D4074,mdo 'grel (sems tsam),3
D4075,mdo 'grel (sems tsam),3
D4076,mdo 'grel (sems tsam),5
D4077,mdo 'grel (sems tsam),3
D4078,mdo 'grel (sems tsam),5
D4079,mdo 'grel (sems tsam),59
D4080,mdo 'grel (sems tsam),8
D4081,mdo 'grel (sems tsam),2
D4082,mdo 'grel (sems tsam),36
D4083,mdo 'grel (sems tsam),67
D4084,mdo 'grel (sems tsam),13
D4085,mdo 'grel (sems tsam),16
D4086,mdo 'grel (mngon pa),184
D4087,mdo 'grel (mngon pa),160
D4088,mdo 'grel (mngon pa),-342
D4089,mdo 'grel (mngon pa),49
D4090,mdo 'grel (mngon pa),652
D4091,mdo 'grel (mngon pa),342
D4092,mdo 'grel (mngon pa),1322
D4093,mdo 'grel (mngon pa),1334
D4094,mdo 'grel (mngon pa),760
D4095,mdo 'grel (mngon pa),238
D4096,mdo 'grel (mngon pa),46
D4097,mdo 'grel (mngon pa),131
D4098,mdo 'grel (mngon pa),43
D4099,mdo 'grel (mngon pa),88
D4100,mdo 'grel (mngon pa),798
D4101,mdo 'grel (mngon pa),2
D4102,mdo 'grel (mngon pa),3
D4103,mdo 'grel (mngon pa),75
D4104,mdo 'grel ('dul ba),649
D4105,mdo 'grel ('dul ba),361
D4106,mdo 'grel ('dul ba),1480
D4107,mdo 'grel ('dul ba),151
D4108,mdo 'grel ('dul ba),320
D4109,mdo 'grel ('dul ba),75
D4110,mdo 'grel ('dul ba),34
D4111,mdo 'grel ('dul ba),63
D4112,mdo 'grel ('dul ba),352
D4113,mdo 'grel ('dul ba),299
D4114,mdo 'grel ('dul ba),412
D4115,mdo 'grel ('dul ba),462
D4116,mdo 'grel ('dul ba),167
D4117,mdo 'grel ('dul ba),198
D4118,mdo 'grel ('dul ba),318
D4119,mdo 'grel ('dul ba),1100
D4120,mdo 'grel ('dul ba),1552
D4121,mdo 'grel ('dul ba),524
D4122,mdo 'grel ('dul ba),686
D4123,mdo 'grel ('dul ba),124
D4124,mdo 'grel ('dul ba),23
D4125,mdo 'grel ('dul ba),178
D4126,mdo 'grel ('dul ba),204
D4127,mdo 'grel ('dul ba),7
D4128,mdo 'grel ('dul ba),48
D4129,mdo 'grel ('dul ba),34
D4130,mdo 'grel ('dul ba),26
D4131,mdo 'grel ('dul ba),14
D4132,mdo 'grel ('dul ba),5
D4133,mdo 'grel ('dul ba),10
D4134,mdo 'grel ('dul ba),9
D4135,mdo 'grel ('dul ba),118
D4136,mdo 'grel ('dul ba),3
D4137,mdo 'grel ('dul ba),15
D4138,mdo 'grel ('dul ba),13
D4139,mdo 'grel ('dul ba),16
D4140,mdo 'grel ('dul ba),5
D4141,mdo 'grel ('dul ba),2
D4142,mdo 'grel ('dul ba),10
D4143,mdo 'grel ('dul ba),23
D4144,mdo 'grel ('dul ba),111
D4145,mdo 'grel ('dul ba),26
D4146,mdo 'grel ('dul ba),10
D4147,mdo 'grel ('dul ba),17
D4148,mdo 'grel ('dul ba),2
D4149,mdo 'grel ('dul ba),2
D4150,mdo 'grel (skyes rabs),268
D4151,mdo 'grel (skyes rabs),410
D4152,mdo 'grel (skyes rabs),392
D4153,mdo 'grel (skyes rabs),56
D4154,mdo 'grel (skyes rabs),55
D4155,mdo 'grel (skyes rabs),1388
D4156,mdo 'grel (skyes rabs),205
D4157,mdo 'grel (skyes rabs),8
D4158,mdo 'grel (spring yig),39
D4159,mdo 'grel (spring yig),79
D4160,mdo 'grel (spring yig),4
D4161,mdo 'grel (spring yig),3
D4162,mdo 'grel (spring yig),2
D4163,mdo 'grel (spring yig),3
D4164,mdo 'grel (spring yig),2
D4165,mdo 'grel (spring yig),9
D4166,mdo 'grel (spring yig),4
D4167,mdo 'grel (spring yig),7
D4168,mdo 'grel (spring yig),24
D4169,mdo 'grel (spring yig),6
D4170,mdo 'grel (spring yig),3
D4171,mdo 'grel (spring yig),5
D4172,mdo 'grel (spring yig),6
D4173,mdo 'grel (spring yig),2
D4174,mdo 'grel (spring yig),2
D4175,mdo 'grel (spring yig),50
D4176,mdo 'grel (spring yig),8
D4177,mdo 'grel (spring yig),4
D4178,mdo 'grel (spring yig),3
D4179,mdo 'grel (spring yig),8
D4180,mdo 'grel (spring yig),2
D4181,mdo 'grel (spring yig),3
D4182,mdo 'grel (spring yig),13
D4183,mdo 'grel (spring yig),14
D4184,mdo 'grel (spring yig),8
D4185,mdo 'grel (spring yig),15
D4186,mdo 'grel (spring yig),8
D4187,mdo 'grel (spring yig),7
D4188,mdo 'grel (spring yig),4
D4189,mdo 'grel (spring yig),5
D4190,mdo 'grel (spring yig),78
D4191,mdo 'grel (spring yig),20
D4192,mdo 'grel (spring yig),24
D4193,mdo 'grel (spring yig),5
D4194,mdo 'grel (spring yig),9
D4195,mdo 'grel (spring yig),9
D4196,mdo 'grel (spring yig),7
D4197,mdo 'grel (spring yig),8
D4198,mdo 'grel (spring yig),7
D4199,mdo 'grel (spring yig),17
D4200,mdo 'grel (spring yig),3
D4201,mdo 'grel (spring yig),15
D4202,mdo 'grel (spring yig),40
D4203,mdo 'grel (tshad ma),25
D4204,mdo 'grel (tshad ma),144
D4205,mdo 'grel (tshad ma),1
D4206,mdo 'grel (tshad ma),4
D4207,mdo 'grel (tshad ma),3
D4208,mdo 'grel (tshad ma),10
D4209,mdo 'grel (tshad ma),1
D4210,mdo 'grel (tshad ma),115
D4211,mdo 'grel (tshad ma),157
D4212,mdo 'grel (tshad ma),15
D4213,mdo 'grel (tshad ma),35
D4214,mdo 'grel (tshad ma),3
D4215,mdo 'grel (tshad ma),11
D4216,mdo 'grel (tshad ma),208
D4217,mdo 'grel (tshad ma),652
D4218,mdo 'grel (tshad ma),59
D4219,mdo 'grel (tshad ma),8
D4220,mdo 'grel (tshad ma),1216
D4221,mdo 'grel (tshad ma),1176
D4222,mdo 'grel (tshad ma),1350
D4223,mdo 'grel (tshad ma),584
D4224,mdo 'grel (tshad ma),210
D4225,mdo 'grel (tshad ma),346
D4226,mdo 'grel (tshad ma),862
D4227,mdo 'grel (tshad ma),354
D4228,mdo 'grel (tshad ma),235
D4229,mdo 'grel (tshad ma),576
D4230,mdo 'grel (tshad ma),71
D4231,mdo 'grel (tshad ma),112
D4232,mdo 'grel (tshad ma),16
D4233,mdo 'grel (tshad ma),3
D4234,mdo 'grel (tshad ma),162
D4235,mdo 'grel (tshad ma),292
D4236,mdo 'grel (tshad ma),41
D4237,mdo 'grel (tshad ma),28
D4238,mdo 'grel (tshad ma),33
D4239,mdo 'grel (tshad ma),201
D4240,mdo 'grel (tshad ma),49
D4241,mdo 'grel (tshad ma),26
D4242,mdo 'grel (tshad ma),3
D4243,mdo 'grel (tshad ma),3
D4244,mdo 'grel (tshad ma),15
D4245,mdo 'grel (tshad ma),2
D4246,mdo 'grel (tshad ma),7
D4247,mdo 'grel (tshad ma),3
D4248,mdo 'grel (tshad ma),42
D4249,mdo 'grel (tshad ma),30
D4250,mdo 'grel (tshad ma),22
D4251,mdo 'grel (tshad ma),7
D4252,mdo 'grel (tshad ma),1
D4253,mdo 'grel (tshad ma),20
D4254,mdo 'grel (tshad ma),33
D4255,mdo 'grel (tshad ma),13
D4256,mdo 'grel (tshad ma),44
D4257,mdo 'grel (tshad ma),2
D4258,mdo 'grel (tshad ma),7
D4259,mdo 'grel (tshad ma),7
D4260,mdo 'grel (tshad ma),10
D4261,mdo 'grel (tshad ma),16
D4262,mdo 'grel (tshad ma),9
D4263,mdo 'grel (tshad ma),23
D4264,mdo 'grel (tshad ma),66
D4265,mdo 'grel (tshad ma),1
D4266,mdo 'grel (tshad ma),264
D4267,mdo 'grel (tshad ma),1120
D4268,mdo 'grel (tshad ma),626
D4269,mdo 'grel (sgra mdo),58
D4270,mdo 'grel (sgra mdo),8
D4271,mdo 'grel (sgra mdo),2
D4272,mdo 'grel (sgra mdo),9
D4273,mdo 'grel (sgra mdo),16
D4274,mdo 'grel (sgra mdo),39
D4275,mdo 'grel (sgra mdo),9
D4276,mdo 'grel (sgra mdo),5
D4277,mdo 'grel (sgra mdo),16
D4278,mdo 'grel (sgra mdo),56
D4279,mdo 'grel (sgra mdo),73
D4280,mdo 'grel (sgra mdo),178
D4281,mdo 'grel (sgra mdo),95
D4282,mdo 'grel (sgra mdo),38
D4283,mdo 'grel (sgra mdo),21
D4284,mdo 'grel (sgra mdo),64
D4285,mdo 'grel (sgra mdo),25
D4286,mdo 'grel (sgra mdo),484
D4287,mdo 'grel (sgra mdo),106
D4288,mdo 'grel (sgra mdo),86
D4289,mdo 'grel (sgra mdo),276
D4290,mdo 'grel (sgra mdo),2
D4291,mdo 'grel (sgra mdo),17
D4292,mdo 'grel (sgra mdo),14
D4293,mdo 'grel (sgra mdo),8
D4294,mdo 'grel (sgra mdo),47
D4295,mdo 'grel (sgra mdo),9
D4296,mdo 'grel (sgra mdo),43
D4297,mdo 'grel (sgra mdo),16
D4298,mdo 'grel (sgra mdo),231
D4299,mdo 'grel (sgra mdo),235
D4300,mdo 'grel (sgra mdo),148
D4301,mdo 'grel (sgra mdo),46
D4302,mdo 'grel (sgra mdo),20
D4303,mdo 'grel (sgra mdo),19
D4304,mdo 'grel (sgra mdo),37
D4305,mdo 'grel (sgra mdo),-756
D4306,mdo 'grel (gso rig),16
D4307,mdo 'grel (gso rig),8
D4308,mdo 'grel (gso rig),3
D4309,mdo 'grel (gso rig),62
D4310,mdo 'grel (gso rig),582
D4311,mdo 'grel (gso rig),990
D4312,mdo 'grel (gso rig),1874
D4313,mdo 'grel (bzo rig),12
D4314,mdo 'grel (bzo rig),4
D4315,mdo 'grel (bzo rig),6
D4316,mdo 'grel (bzo rig),10
D4317,mdo 'grel (bzo rig),4
D4318,mdo 'grel (bzo rig),2
D4319,mdo 'grel (bzo rig),2
D4320,mdo 'grel (bzo rig),4
D4321,mdo 'grel (bzo rig),58
D4322,mdo 'grel (bzo rig),85
D4323,mdo 'grel (bzo rig),2
D4324,mdo 'grel (bzo rig),9
D4325,mdo 'grel (bzo rig),2
D4326,mdo 'grel (bzo rig),5
D4327,mdo 'grel (bzo rig),2
D4328,mdo 'grel (thun mong ba lugs kyi bstan bcos),8
D4329,mdo 'grel (thun mong ba lugs kyi bstan bcos),21
D4330,mdo 'grel (thun mong ba lugs kyi bstan bcos),8
D4331,mdo 'grel (thun mong ba lugs kyi bstan bcos),12
D4332,mdo 'grel (thun mong ba lugs kyi bstan bcos),9
D4333,mdo 'grel (thun mong ba lugs kyi bstan bcos),4
D4334,mdo 'grel (thun mong ba lugs kyi bstan bcos),21
D4335,mdo 'grel (thun mong ba lugs kyi bstan bcos),12
D4336,mdo 'grel (thun mong ba lugs kyi bstan bcos),15
D4337,mdo 'grel (thun mong ba lugs kyi bstan bcos),2
D4338,mdo 'grel (thun mong ba lugs kyi bstan bcos),5
D4339,mdo 'grel (thun mong ba lugs kyi bstan bcos),4
D4340,mdo 'grel (thun mong ba lugs kyi bstan bcos),2
D4341,mdo 'grel (thun mong ba lugs kyi bstan bcos),2
D4342,mdo 'grel (thun mong ba lugs kyi bstan bcos),1
D4343,mdo 'grel (thun mong ba lugs kyi bstan bcos),2
D4344,mdo 'grel (thun mong ba lugs kyi bstan bcos),1
D4345,mdo 'grel (thun mong ba lugs kyi bstan bcos),242
D4346,mdo 'grel (bstan bcos sna tshogs),260
D4347,mdo 'grel (bstan bcos sna tshogs),58
D4348,mdo 'grel (bstan bcos sna tshogs),3
D4349,mdo 'grel (bstan bcos sna tshogs),3
D4350,mdo 'grel (bstan bcos sna tshogs),5
D4351,mdo 'grel (bstan bcos sna tshogs),17
D4352,mdo 'grel (bstan bcos sna tshogs),65
D4353,mdo 'grel (bstan bcos sna tshogs),9
D4354,mdo 'grel (bstan bcos sna tshogs),34
D4355,mdo 'grel (bstan bcos sna tshogs),22
D4356,mdo 'grel (bstan bcos sna tshogs),4
D4357,mdo 'grel (bstan bcos sna tshogs),278
D4358,mdo 'grel (bstan bcos sna tshogs),1701
D4359,mdo 'grel (bstan bcos sna tshogs),60
D4360,mdo 'grel (bstan bcos sna tshogs),30
D4361,mdo 'grel (bstan bcos sna tshogs),7
D4362,mdo 'grel (bstan bcos sna tshogs),116
D4363,mdo 'grel (bstan bcos sna tshogs),12
D4364,mdo 'grel (bstan bcos sna tshogs),32
D4365,mdo 'grel (bstan bcos sna tshogs),382
D4366,mdo 'grel (bstan bcos sna tshogs),136
D4367,mdo 'grel (bstan bcos sna tshogs),11
D4368,mdo 'grel (bstan bcos sna tshogs),7
D4369,mdo 'grel (bstan bcos sna tshogs),6
D4370,mdo 'grel (bstan bcos sna tshogs),7
D4371,mdo 'grel (bstan bcos sna tshogs),7
D4372,mdo 'grel (bstan bcos sna tshogs),8
D4373,mdo 'grel (bstan bcos sna tshogs),3
D4374,mdo 'grel (bstan bcos sna tshogs),21
D4375,mdo 'grel (bstan bcos sna tshogs),6
D4376,mdo 'grel (bstan bcos sna tshogs),11
D4377,mdo 'grel (bstan bcos sna tshogs),7
D4378,mdo 'grel (bstan bcos sna tshogs),3
D4379,mdo 'grel (bstan bcos sna tshogs),11
D4380,mdo 'grel (bstan bcos sna tshogs),2
D4381,mdo 'grel (bstan bcos sna tshogs),2
D4382,mdo 'grel (bstan bcos sna tshogs),4
D4383,mdo 'grel (bstan bcos sna tshogs),7
D4384,mdo 'grel (bstan bcos sna tshogs),3
D4385,mdo 'grel (bstan bcos sna tshogs),3
D4386,mdo 'grel (bstan bcos sna tshogs),2
D4387,mdo 'grel (bstan bcos sna tshogs),2
D4388,mdo 'grel (bstan bcos sna tshogs),3
D4389,mdo 'grel (bstan bcos sna tshogs),2
D4390,mdo 'grel (bstan bcos sna tshogs),1
D4391,mdo 'grel (bstan bcos sna tshogs),3
D4392,mdo 'grel (bstan bcos sna tshogs),8
D4393,mdo 'grel (bstan bcos sna tshogs),2
D4394,mdo 'grel (bstan bcos sna tshogs),3
D4395,mdo 'grel (bstan bcos sna tshogs),3
D4396,mdo 'grel (bstan bcos sna tshogs),4
D4397,mdo 'grel (bstan bcos sna tshogs),8
D4398,mdo 'grel (bstan bcos sna tshogs),7
D4399,mdo 'grel (bstan bcos sna tshogs),7
D4400,mdo 'grel (bstan bcos sna tshogs),2
D4400a,mdo 'grel (bstan bcos sna tshogs),4
D4401,mdo 'grel (bstan bcos sna tshogs),2
D4402,mdo 'grel (bstan bcos sna tshogs),2
D4403,mdo 'grel (bstan bcos sna tshogs),2
D4404,mdo 'grel (bstan bcos sna tshogs),3
D4405,mdo 'grel (bstan bcos sna tshogs),4
D4406,mdo 'grel (bstan bcos sna tshogs),3
D4407,mdo 'grel (bstan bcos sna tshogs),3
D4408,mdo 'grel (bstan bcos sna tshogs),2
D4409,mdo 'grel (bstan bcos sna tshogs),1
D4410,mdo 'grel (bstan bcos sna tshogs),3
D4411,mdo 'grel (bstan bcos sna tshogs),5
D4412,mdo 'grel (bstan bcos sna tshogs),2
D4413,mdo 'grel (bstan bcos sna tshogs),1
D4414,mdo 'grel (bstan bcos sna tshogs),2
D4415,mdo 'grel (bstan bcos sna tshogs),1
D4416,mdo 'grel (bstan bcos sna tshogs),2
D4417,mdo 'grel (bstan bcos sna tshogs),1
D4418,mdo 'grel (bstan bcos sna tshogs),1
D4419,mdo 'grel (bstan bcos sna tshogs),5
D4419a,mdo 'grel (bstan bcos sna tshogs),16
D4420,mdo 'grel (bstan bcos sna tshogs),52
D4420a,mdo 'grel (bstan bcos sna tshogs),850
D4421,mdo 'grel (bstan bcos sna tshogs),1624
D4422,mdo 'grel (bstan bcos sna tshogs),19
D4423,mdo 'grel (bstan bcos sna tshogs),24
D4424,mdo 'grel (bstan bcos sna tshogs),21
D4425,mdo 'grel (bstan bcos sna tshogs),7
D4426,mdo 'grel (bstan bcos sna tshogs),67
D4427,mdo 'grel (bstan bcos sna tshogs),8
D4428,mdo 'grel (bstan bcos sna tshogs),84
D4429,mdo 'grel (bstan bcos sna tshogs),21
D4430,mdo 'grel (bstan bcos sna tshogs),24
D4431,mdo 'grel (bstan bcos sna tshogs),16
D4432,mdo 'grel (bstan bcos sna tshogs),16
D4433,mdo 'grel (bstan bcos sna tshogs),84
D4434,mdo 'grel (bstan bcos sna tshogs),191
D4435,mdo 'grel (bstan bcos sna tshogs),8
D4436,mdo 'grel (bstan bcos sna tshogs),9
D4437,mdo 'grel (bstan bcos sna tshogs),10
D4438,mdo 'grel (bstan bcos sna tshogs),72
D4439,mdo 'grel (bstan bcos sna tshogs),29
D4440,mdo 'grel (bstan bcos sna tshogs),25
D4441,mdo 'grel (bstan bcos sna tshogs),12
D4442,mdo 'grel (bstan bcos sna tshogs),4
D4443,mdo 'grel (bstan bcos sna tshogs),6
D4444,mdo 'grel (bstan bcos sna tshogs),5
D4445,mdo 'grel (bstan bcos sna tshogs),16
D4446,mdo 'grel (bstan bcos sna tshogs),22
D4447,mdo 'grel (bstan bcos sna tshogs),2
D4448,mdo 'grel (bstan bcos sna tshogs),2
D4449,mdo 'grel (bstan bcos sna tshogs),2
D4450,mdo 'grel (bstan bcos sna tshogs),2
D4451,mdo 'grel (bstan bcos sna tshogs),2
D4452,mdo 'grel (bstan bcos sna tshogs),138
D4453,mdo 'grel (bstan bcos sna tshogs),187
D4454,mdo 'grel (bstan bcos sna tshogs),157
D4455,mdo 'grel (bstan bcos sna tshogs),23
D4456,mdo 'grel (bstan bcos sna tshogs),25
D4457,mdo 'grel (bstan bcos sna tshogs),1
D4458,mdo 'grel (bstan bcos sna tshogs),11
D4459,mdo 'grel (bstan bcos sna tshogs),11
D4460,mdo 'grel (bstan bcos sna tshogs),75
D4461,mdo 'grel (bstan bcos sna tshogs),4
D4462,mdo 'grel (bstan bcos sna tshogs),3
D4463,mdo 'grel (bstan bcos sna tshogs),2
D4464,mdo 'grel (bstan bcos sna tshogs),24
